impression_id,timestamp,user_id,age_bucket,geo,interests,ad_id,advertiser_id,creative_type,device,hour_of_day,bid,clicked,revenue
imp_0,2025-12-09T20:00:00,114,18-24,US,sports,188,3,native,tablet,20,1.494,0,0.0
imp_1,2025-12-09T17:00:00,111,18-24,US,fashion,129,19,banner,mobile,17,1.144,0,0.0
imp_2,2025-12-09T22:00:00,414,45+,IN,tech,194,5,video,tablet,22,0.874,0,0.0
imp_3,2025-12-09T08:00:00,194,25-34,IN,tech,91,11,video,tablet,8,0.566,0,0.0
imp_4,2025-12-09T01:00:00,150,45+,UK,sports,147,6,video,tablet,1,0.186,0,0.0
imp_5,2025-12-09T21:00:00,443,25-34,IN,finance,97,8,banner,desktop,21,1.29,0,0.0
imp_6,2025-12-09T11:00:00,136,25-34,IN,finance,155,5,video,tablet,11,1.472,0,0.0
imp_7,2025-12-09T05:00:00,327,45+,US,fashion,175,10,video,mobile,5,0.497,0,0.0
imp_8,2025-12-09T01:00:00,467,35-44,UK,fashion,54,15,video,desktop,1,1.775,0,0.0
imp_9,2025-12-09T20:00:00,381,45+,UK,tech,191,18,video,desktop,20,1.801,0,0.0
imp_10,2025-12-09T12:00:00,46,35-44,IN,tech,28,4,banner,tablet,12,0.362,0,0.0
imp_11,2025-12-09T21:00:00,239,45+,UK,sports,141,0,video,tablet,21,1.455,0,0.0
imp_12,2025-12-09T21:00:00,80,35-44,CN,finance,0,8,banner,tablet,21,1.536,0,0.0
imp_13,2025-12-09T16:00:00,101,18-24,US,finance,95,5,native,tablet,16,1.909,0,0.0
imp_14,2025-12-09T16:00:00,449,18-24,UK,finance,61,1,video,mobile,16,1.762,1,2.79
imp_15,2025-12-09T02:00:00,272,18-24,US,fashion,32,15,banner,tablet,2,0.372,0,0.0
imp_16,2025-12-09T16:00:00,353,45+,US,tech,182,9,native,desktop,16,1.991,0,0.0
imp_17,2025-12-09T20:00:00,126,35-44,US,fashion,16,10,native,mobile,20,1.197,0,0.0
imp_18,2025-12-09T07:00:00,30,25-34,US,sports,17,1,banner,desktop,7,0.188,0,0.0
imp_19,2025-12-09T07:00:00,370,35-44,CN,fashion,62,15,banner,desktop,7,0.421,0,0.0
imp_20,2025-12-09T03:00:00,442,45+,IN,finance,172,3,video,mobile,3,0.835,0,0.0
imp_21,2025-12-09T10:00:00,229,18-24,US,tech,108,5,banner,desktop,10,0.952,0,0.0
imp_22,2025-12-09T02:00:00,276,45+,IN,sports,23,7,banner,mobile,2,0.843,0,0.0
imp_23,2025-12-09T15:00:00,1,25-34,CN,fashion,67,14,banner,desktop,15,0.875,0,0.0
imp_24,2025-12-09T23:00:00,495,45+,IN,tech,148,17,banner,mobile,23,1.509,0,0.0
imp_25,2025-12-09T01:00:00,271,18-24,US,fashion,14,16,native,mobile,1,1.71,0,0.0
imp_26,2025-12-09T02:00:00,455,18-24,US,tech,148,19,video,mobile,2,1.258,0,0.0
imp_27,2025-12-09T13:00:00,160,35-44,US,finance,67,12,banner,mobile,13,1.36,0,0.0
imp_28,2025-12-09T09:00:00,288,45+,IN,finance,18,17,banner,mobile,9,1.036,1,1.9
imp_29,2025-12-09T04:00:00,80,35-44,CN,sports,139,9,banner,tablet,4,1.969,0,0.0
imp_30,2025-12-09T20:00:00,449,18-24,US,finance,67,3,native,mobile,20,1.498,0,0.0
imp_31,2025-12-09T04:00:00,175,35-44,US,finance,175,8,native,tablet,4,1.003,0,0.0
imp_32,2025-12-09T01:00:00,170,18-24,US,fashion,163,8,video,mobile,1,1.495,0,0.0
imp_33,2025-12-09T17:00:00,452,45+,US,sports,139,1,banner,desktop,17,1.186,0,0.0
imp_34,2025-12-09T04:00:00,460,45+,IN,tech,91,6,banner,tablet,4,0.537,0,0.0
imp_35,2025-12-09T03:00:00,473,35-44,US,fashion,41,5,native,desktop,3,0.098,0,0.0
imp_36,2025-12-09T23:00:00,415,35-44,US,fashion,68,5,native,tablet,23,0.261,0,0.0
imp_37,2025-12-09T01:00:00,235,45+,UK,tech,78,7,banner,mobile,1,0.096,0,0.0
imp_38,2025-12-09T06:00:00,495,45+,UK,finance,89,16,video,desktop,6,1.375,0,0.0
imp_39,2025-12-09T17:00:00,133,35-44,US,sports,148,8,banner,mobile,17,0.261,0,0.0
imp_40,2025-12-09T13:00:00,261,35-44,IN,finance,98,18,video,mobile,13,0.547,0,0.0
imp_41,2025-12-09T22:00:00,275,45+,US,sports,93,13,native,mobile,22,1.9,0,0.0
imp_42,2025-12-09T10:00:00,259,35-44,UK,sports,170,13,native,desktop,10,0.835,0,0.0
imp_43,2025-12-09T09:00:00,194,25-34,US,tech,157,18,video,desktop,9,0.842,0,0.0
imp_44,2025-12-09T00:00:00,296,35-44,UK,finance,119,14,banner,desktop,0,1.367,0,0.0
imp_45,2025-12-09T16:00:00,263,45+,UK,tech,23,7,native,tablet,16,0.655,0,0.0
imp_46,2025-12-09T06:00:00,243,25-34,IN,sports,116,13,banner,tablet,6,1.173,0,0.0
imp_47,2025-12-09T22:00:00,335,45+,IN,fashion,192,3,video,desktop,22,0.477,0,0.0
imp_48,2025-12-09T22:00:00,434,45+,IN,sports,116,4,native,desktop,22,1.352,0,0.0
imp_49,2025-12-09T17:00:00,456,35-44,CN,fashion,140,14,native,mobile,17,1.5,0,0.0
imp_50,2025-12-09T15:00:00,141,45+,CN,finance,160,7,banner,desktop,15,0.908,0,0.0
imp_51,2025-12-09T22:00:00,457,35-44,IN,tech,35,4,video,mobile,22,0.797,0,0.0
imp_52,2025-12-09T04:00:00,277,25-34,CN,sports,106,1,video,mobile,4,1.674,0,0.0
imp_53,2025-12-09T12:00:00,385,18-24,CN,fashion,107,17,video,tablet,12,1.483,1,1.12
imp_54,2025-12-09T19:00:00,248,25-34,IN,fashion,99,10,banner,tablet,19,1.374,0,0.0
imp_55,2025-12-09T12:00:00,273,25-34,IN,fashion,100,18,banner,tablet,12,1.343,0,0.0
imp_56,2025-12-09T02:00:00,133,45+,CN,tech,83,6,video,desktop,2,0.687,0,0.0
imp_57,2025-12-09T12:00:00,240,35-44,IN,fashion,191,17,video,mobile,12,2.0,0,0.0
imp_58,2025-12-09T11:00:00,15,25-34,US,sports,51,0,native,tablet,11,0.347,0,0.0
imp_59,2025-12-09T04:00:00,238,45+,UK,sports,196,11,native,mobile,4,1.231,0,0.0
imp_60,2025-12-09T23:00:00,13,18-24,UK,tech,147,12,video,desktop,23,1.886,0,0.0
imp_61,2025-12-09T06:00:00,154,18-24,IN,tech,144,1,banner,desktop,6,1.089,0,0.0
imp_62,2025-12-09T21:00:00,6,35-44,CN,sports,125,3,native,desktop,21,1.924,0,0.0
imp_63,2025-12-09T20:00:00,267,45+,UK,tech,157,17,video,desktop,20,0.957,0,0.0
imp_64,2025-12-09T23:00:00,44,35-44,UK,finance,115,7,banner,desktop,23,1.161,0,0.0
imp_65,2025-12-09T21:00:00,166,45+,US,finance,124,6,banner,desktop,21,1.606,0,0.0
imp_66,2025-12-09T10:00:00,485,35-44,US,finance,21,7,native,tablet,10,0.843,0,0.0
imp_67,2025-12-09T17:00:00,229,25-34,IN,fashion,23,9,native,mobile,17,0.839,0,0.0
imp_68,2025-12-09T07:00:00,176,35-44,CN,finance,190,17,video,desktop,7,0.736,0,0.0
imp_69,2025-12-09T14:00:00,369,35-44,US,finance,80,3,video,tablet,14,1.095,0,0.0
imp_70,2025-12-09T22:00:00,141,25-34,UK,tech,25,6,banner,desktop,22,0.494,0,0.0
imp_71,2025-12-09T05:00:00,140,35-44,IN,sports,13,17,native,desktop,5,1.41,0,0.0
imp_72,2025-12-09T04:00:00,240,45+,CN,sports,112,10,banner,mobile,4,1.933,0,0.0
imp_73,2025-12-09T08:00:00,37,45+,IN,sports,38,4,banner,tablet,8,1.901,0,0.0
imp_74,2025-12-09T02:00:00,310,25-34,US,sports,198,16,native,desktop,2,0.929,0,0.0
imp_75,2025-12-09T14:00:00,30,35-44,IN,fashion,195,6,video,tablet,14,0.461,0,0.0
imp_76,2025-12-09T21:00:00,38,18-24,US,tech,0,13,banner,desktop,21,1.394,0,0.0
imp_77,2025-12-09T15:00:00,144,35-44,CN,sports,18,7,banner,desktop,15,1.586,0,0.0
imp_78,2025-12-09T20:00:00,331,25-34,US,fashion,68,4,banner,mobile,20,0.166,0,0.0
imp_79,2025-12-09T09:00:00,155,35-44,CN,fashion,69,16,banner,tablet,9,1.013,0,0.0
imp_80,2025-12-09T02:00:00,128,18-24,IN,fashion,23,7,native,tablet,2,1.68,0,0.0
imp_81,2025-12-09T18:00:00,387,18-24,US,finance,120,16,native,tablet,18,0.912,0,0.0
imp_82,2025-12-09T08:00:00,496,25-34,IN,fashion,120,11,native,desktop,8,0.7,0,0.0
imp_83,2025-12-09T21:00:00,253,18-24,UK,tech,169,12,video,tablet,21,0.122,0,0.0
imp_84,2025-12-09T02:00:00,395,35-44,CN,finance,131,0,video,tablet,2,1.745,0,0.0
imp_85,2025-12-09T14:00:00,318,45+,CN,sports,160,14,banner,mobile,14,0.447,0,0.0
imp_86,2025-12-09T17:00:00,248,25-34,IN,finance,7,19,video,mobile,17,1.434,0,0.0
imp_87,2025-12-09T09:00:00,430,18-24,IN,fashion,118,3,banner,tablet,9,1.673,0,0.0
imp_88,2025-12-09T15:00:00,241,35-44,US,finance,116,17,video,mobile,15,0.798,0,0.0
imp_89,2025-12-09T19:00:00,437,25-34,CN,sports,87,16,video,desktop,19,1.65,0,0.0
imp_90,2025-12-09T09:00:00,247,35-44,UK,fashion,85,17,banner,tablet,9,0.786,0,0.0
imp_91,2025-12-09T10:00:00,438,25-34,CN,tech,11,10,native,tablet,10,0.972,0,0.0
imp_92,2025-12-09T12:00:00,64,45+,UK,tech,25,14,video,mobile,12,1.076,0,0.0
imp_93,2025-12-09T14:00:00,496,18-24,US,tech,19,15,video,desktop,14,0.71,0,0.0
imp_94,2025-12-09T22:00:00,439,45+,CN,sports,81,15,video,tablet,22,0.12,0,0.0
imp_95,2025-12-09T02:00:00,222,25-34,IN,finance,194,3,banner,desktop,2,0.374,0,0.0
imp_96,2025-12-09T09:00:00,150,18-24,UK,sports,95,13,video,mobile,9,0.526,0,0.0
imp_97,2025-12-09T13:00:00,445,25-34,CN,tech,158,7,banner,desktop,13,1.83,0,0.0
imp_98,2025-12-09T04:00:00,130,25-34,IN,fashion,119,9,native,tablet,4,1.116,0,0.0
imp_99,2025-12-09T02:00:00,492,45+,CN,finance,176,8,native,desktop,2,1.698,0,0.0
imp_100,2025-12-09T06:00:00,292,45+,UK,fashion,147,9,banner,tablet,6,0.626,0,0.0
imp_101,2025-12-09T21:00:00,351,45+,IN,finance,155,15,banner,desktop,21,1.563,0,0.0
imp_102,2025-12-09T07:00:00,128,35-44,US,tech,160,3,native,tablet,7,1.31,0,0.0
imp_103,2025-12-09T09:00:00,67,45+,IN,sports,75,10,native,tablet,9,0.86,0,0.0
imp_104,2025-12-09T06:00:00,139,25-34,US,finance,65,15,native,desktop,6,1.506,0,0.0
imp_105,2025-12-09T10:00:00,494,18-24,US,fashion,173,12,banner,tablet,10,0.763,0,0.0
imp_106,2025-12-09T12:00:00,188,18-24,UK,finance,149,12,native,tablet,12,1.884,0,0.0
imp_107,2025-12-09T03:00:00,482,25-34,UK,fashion,156,7,banner,tablet,3,0.173,0,0.0
imp_108,2025-12-09T14:00:00,484,35-44,IN,fashion,77,15,banner,mobile,14,0.24,0,0.0
imp_109,2025-12-09T17:00:00,486,25-34,CN,fashion,150,4,video,desktop,17,1.327,0,0.0
imp_110,2025-12-09T15:00:00,111,45+,CN,finance,113,7,banner,desktop,15,0.244,0,0.0
imp_111,2025-12-09T21:00:00,97,35-44,IN,finance,116,2,banner,tablet,21,0.464,0,0.0
imp_112,2025-12-09T20:00:00,64,18-24,US,sports,17,17,video,mobile,20,1.193,0,0.0
imp_113,2025-12-09T07:00:00,74,35-44,US,tech,138,8,native,mobile,7,0.264,1,2.59
imp_114,2025-12-09T00:00:00,121,25-34,UK,sports,4,5,video,desktop,0,0.152,0,0.0
imp_115,2025-12-09T23:00:00,229,45+,UK,sports,131,18,native,mobile,23,0.931,0,0.0
imp_116,2025-12-09T07:00:00,15,18-24,IN,finance,122,12,video,desktop,7,1.388,0,0.0
imp_117,2025-12-09T15:00:00,75,45+,IN,sports,32,8,banner,tablet,15,1.284,0,0.0
imp_118,2025-12-09T17:00:00,232,35-44,CN,fashion,25,3,native,tablet,17,1.319,0,0.0
imp_119,2025-12-09T17:00:00,211,25-34,UK,fashion,116,12,video,desktop,17,1.473,0,0.0
imp_120,2025-12-09T10:00:00,488,45+,US,finance,175,15,native,mobile,10,0.228,0,0.0
imp_121,2025-12-09T02:00:00,190,18-24,US,fashion,142,1,banner,tablet,2,1.915,0,0.0
imp_122,2025-12-09T17:00:00,340,35-44,CN,sports,184,1,video,desktop,17,1.221,0,0.0
imp_123,2025-12-09T11:00:00,114,18-24,IN,tech,89,17,banner,desktop,11,0.274,0,0.0
imp_124,2025-12-09T08:00:00,419,25-34,IN,fashion,155,8,native,mobile,8,0.402,0,0.0
imp_125,2025-12-09T22:00:00,289,35-44,CN,finance,17,4,video,tablet,22,1.285,1,2.62
imp_126,2025-12-09T00:00:00,174,18-24,US,tech,94,9,video,tablet,0,0.683,0,0.0
imp_127,2025-12-09T18:00:00,316,18-24,IN,sports,172,2,banner,desktop,18,0.914,0,0.0
imp_128,2025-12-09T13:00:00,386,45+,IN,fashion,88,13,video,mobile,13,0.602,0,0.0
imp_129,2025-12-09T21:00:00,306,45+,IN,finance,1,6,banner,desktop,21,1.893,0,0.0
imp_130,2025-12-09T04:00:00,254,35-44,CN,finance,44,4,video,desktop,4,1.089,0,0.0
imp_131,2025-12-09T07:00:00,21,35-44,CN,sports,4,14,video,mobile,7,1.731,0,0.0
imp_132,2025-12-09T18:00:00,148,45+,IN,fashion,103,0,native,desktop,18,0.385,0,0.0
imp_133,2025-12-09T19:00:00,54,45+,US,finance,111,18,banner,desktop,19,1.072,0,0.0
imp_134,2025-12-09T12:00:00,86,35-44,IN,finance,130,3,banner,tablet,12,1.044,0,0.0
imp_135,2025-12-09T11:00:00,131,35-44,US,tech,44,19,banner,mobile,11,1.532,0,0.0
imp_136,2025-12-09T20:00:00,386,18-24,CN,tech,174,18,native,tablet,20,1.289,0,0.0
imp_137,2025-12-09T19:00:00,240,35-44,CN,finance,161,9,banner,desktop,19,1.203,0,0.0
imp_138,2025-12-09T11:00:00,29,18-24,UK,finance,73,2,video,tablet,11,1.735,0,0.0
imp_139,2025-12-09T02:00:00,405,45+,IN,fashion,115,18,native,tablet,2,0.417,0,0.0
imp_140,2025-12-09T19:00:00,415,45+,UK,tech,182,2,banner,tablet,19,1.31,0,0.0
imp_141,2025-12-09T01:00:00,312,25-34,US,fashion,93,11,video,desktop,1,0.805,0,0.0
imp_142,2025-12-09T10:00:00,285,18-24,CN,finance,72,8,banner,tablet,10,1.711,0,0.0
imp_143,2025-12-09T19:00:00,72,25-34,UK,finance,79,12,banner,mobile,19,1.21,0,0.0
imp_144,2025-12-09T02:00:00,416,35-44,US,fashion,171,16,native,mobile,2,1.31,0,0.0
imp_145,2025-12-09T13:00:00,486,35-44,US,sports,87,15,video,mobile,13,0.492,0,0.0
imp_146,2025-12-09T04:00:00,51,25-34,IN,sports,169,10,video,tablet,4,0.306,0,0.0
imp_147,2025-12-09T12:00:00,394,25-34,US,tech,184,14,banner,mobile,12,0.851,0,0.0
imp_148,2025-12-09T21:00:00,383,25-34,CN,fashion,59,17,native,mobile,21,0.653,0,0.0
imp_149,2025-12-09T15:00:00,225,25-34,CN,finance,196,9,native,desktop,15,1.031,0,0.0
imp_150,2025-12-09T13:00:00,128,25-34,IN,tech,164,15,native,desktop,13,1.131,0,0.0
imp_151,2025-12-09T03:00:00,139,18-24,CN,finance,131,4,banner,desktop,3,0.229,0,0.0
imp_152,2025-12-09T07:00:00,202,45+,UK,finance,60,12,banner,mobile,7,0.781,0,0.0
imp_153,2025-12-09T00:00:00,405,35-44,US,sports,35,1,native,desktop,0,1.839,0,0.0
imp_154,2025-12-09T15:00:00,463,25-34,IN,fashion,4,8,video,mobile,15,1.678,0,0.0
imp_155,2025-12-09T17:00:00,62,45+,IN,sports,61,13,video,tablet,17,1.598,0,0.0
imp_156,2025-12-09T14:00:00,8,18-24,US,sports,183,4,video,desktop,14,0.887,0,0.0
imp_157,2025-12-09T19:00:00,340,35-44,IN,tech,134,11,native,mobile,19,1.909,0,0.0
imp_158,2025-12-09T17:00:00,198,18-24,UK,fashion,64,0,video,desktop,17,1.588,0,0.0
imp_159,2025-12-09T11:00:00,170,25-34,US,sports,11,11,native,tablet,11,0.71,0,0.0
imp_160,2025-12-09T20:00:00,93,25-34,US,fashion,16,14,native,mobile,20,0.622,0,0.0
imp_161,2025-12-09T01:00:00,263,25-34,CN,sports,139,15,video,desktop,1,0.121,0,0.0
imp_162,2025-12-09T20:00:00,24,25-34,UK,finance,69,3,video,desktop,20,0.902,0,0.0
imp_163,2025-12-09T12:00:00,254,45+,CN,fashion,94,16,video,desktop,12,1.612,0,0.0
imp_164,2025-12-09T23:00:00,421,45+,US,sports,139,9,video,desktop,23,0.25,0,0.0
imp_165,2025-12-09T10:00:00,218,35-44,US,finance,176,14,video,desktop,10,0.922,0,0.0
imp_166,2025-12-09T23:00:00,405,35-44,IN,fashion,19,12,video,desktop,23,1.051,0,0.0
imp_167,2025-12-09T23:00:00,347,25-34,CN,sports,8,4,banner,mobile,23,0.51,0,0.0
imp_168,2025-12-09T20:00:00,16,35-44,US,finance,173,14,video,desktop,20,0.775,0,0.0
imp_169,2025-12-09T02:00:00,142,25-34,US,finance,29,0,video,tablet,2,0.413,0,0.0
imp_170,2025-12-09T16:00:00,360,45+,CN,sports,54,19,video,desktop,16,1.403,0,0.0
imp_171,2025-12-09T15:00:00,231,25-34,US,sports,182,14,banner,mobile,15,1.631,0,0.0
imp_172,2025-12-09T10:00:00,456,35-44,UK,sports,40,5,native,desktop,10,1.042,0,0.0
imp_173,2025-12-09T03:00:00,13,25-34,UK,tech,141,18,banner,desktop,3,0.961,0,0.0
imp_174,2025-12-09T17:00:00,367,25-34,CN,sports,134,13,banner,desktop,17,1.656,0,0.0
imp_175,2025-12-09T02:00:00,238,25-34,UK,finance,32,17,native,tablet,2,1.196,0,0.0
imp_176,2025-12-09T04:00:00,155,45+,US,sports,41,10,banner,tablet,4,0.49,0,0.0
imp_177,2025-12-09T16:00:00,489,35-44,UK,sports,32,9,video,tablet,16,1.09,0,0.0
imp_178,2025-12-09T16:00:00,368,25-34,UK,tech,144,1,banner,mobile,16,0.208,0,0.0
imp_179,2025-12-09T20:00:00,327,35-44,IN,tech,127,17,native,desktop,20,1.302,0,0.0
imp_180,2025-12-09T09:00:00,232,45+,IN,tech,176,1,native,mobile,9,0.907,0,0.0
imp_181,2025-12-09T15:00:00,160,45+,UK,tech,187,11,video,desktop,15,0.305,0,0.0
imp_182,2025-12-09T11:00:00,136,18-24,CN,finance,63,4,banner,mobile,11,0.149,0,0.0
imp_183,2025-12-09T12:00:00,478,45+,UK,tech,48,5,banner,desktop,12,1.992,0,0.0
imp_184,2025-12-09T14:00:00,258,45+,CN,finance,61,6,video,tablet,14,0.738,1,2.84
imp_185,2025-12-09T01:00:00,334,35-44,CN,fashion,73,17,native,mobile,1,1.702,0,0.0
imp_186,2025-12-09T13:00:00,206,25-34,UK,finance,11,12,native,mobile,13,1.162,0,0.0
imp_187,2025-12-09T06:00:00,230,35-44,UK,finance,159,19,banner,mobile,6,0.301,0,0.0
imp_188,2025-12-09T03:00:00,187,45+,US,finance,50,19,video,tablet,3,0.833,0,0.0
imp_189,2025-12-09T01:00:00,411,18-24,CN,sports,132,14,banner,mobile,1,1.232,0,0.0
imp_190,2025-12-09T16:00:00,201,25-34,UK,finance,151,10,native,tablet,16,1.665,0,0.0
imp_191,2025-12-09T17:00:00,188,45+,UK,finance,172,3,video,desktop,17,1.188,0,0.0
imp_192,2025-12-09T23:00:00,400,18-24,US,fashion,184,1,video,tablet,23,0.987,0,0.0
imp_193,2025-12-09T16:00:00,293,45+,IN,tech,48,0,native,desktop,16,0.662,0,0.0
imp_194,2025-12-09T04:00:00,313,45+,CN,tech,188,1,video,tablet,4,0.319,0,0.0
imp_195,2025-12-09T06:00:00,489,35-44,US,fashion,117,17,native,desktop,6,1.115,0,0.0
imp_196,2025-12-09T21:00:00,142,35-44,UK,fashion,57,9,banner,desktop,21,1.425,0,0.0
imp_197,2025-12-09T22:00:00,478,45+,UK,finance,73,3,video,tablet,22,1.369,0,0.0
imp_198,2025-12-09T12:00:00,147,45+,IN,finance,88,14,banner,tablet,12,0.55,0,0.0
imp_199,2025-12-09T15:00:00,287,25-34,UK,tech,35,3,native,tablet,15,1.495,0,0.0
imp_200,2025-12-09T07:00:00,115,25-34,US,sports,13,3,native,desktop,7,0.694,0,0.0
imp_201,2025-12-09T15:00:00,475,18-24,US,tech,104,15,banner,desktop,15,1.319,0,0.0
imp_202,2025-12-09T09:00:00,393,35-44,IN,finance,166,18,native,mobile,9,1.094,0,0.0
imp_203,2025-12-09T23:00:00,90,18-24,IN,tech,101,15,video,mobile,23,1.876,0,0.0
imp_204,2025-12-09T09:00:00,54,18-24,UK,sports,72,14,video,tablet,9,1.109,0,0.0
imp_205,2025-12-09T15:00:00,57,25-34,UK,fashion,41,14,video,tablet,15,0.552,0,0.0
imp_206,2025-12-09T05:00:00,387,18-24,US,finance,44,19,video,tablet,5,1.799,0,0.0
imp_207,2025-12-09T13:00:00,94,35-44,US,sports,122,10,video,mobile,13,0.063,0,0.0
imp_208,2025-12-09T12:00:00,154,25-34,IN,fashion,66,11,video,tablet,12,0.511,0,0.0
imp_209,2025-12-09T21:00:00,351,18-24,UK,fashion,176,3,video,tablet,21,1.836,0,0.0
imp_210,2025-12-09T09:00:00,244,35-44,US,tech,116,19,banner,desktop,9,0.861,0,0.0
imp_211,2025-12-09T17:00:00,305,45+,IN,tech,134,14,banner,tablet,17,1.422,0,0.0
imp_212,2025-12-09T02:00:00,103,18-24,US,sports,42,10,native,tablet,2,0.912,0,0.0
imp_213,2025-12-09T21:00:00,228,25-34,IN,fashion,116,4,banner,tablet,21,0.86,0,0.0
imp_214,2025-12-09T18:00:00,370,18-24,IN,fashion,101,8,native,mobile,18,1.504,0,0.0
imp_215,2025-12-09T18:00:00,32,18-24,IN,sports,17,15,video,mobile,18,0.61,0,0.0
imp_216,2025-12-09T05:00:00,195,25-34,CN,fashion,96,12,video,mobile,5,1.381,0,0.0
imp_217,2025-12-09T21:00:00,275,25-34,CN,finance,135,4,banner,tablet,21,1.959,0,0.0
imp_218,2025-12-09T00:00:00,278,18-24,CN,finance,136,12,video,mobile,0,0.533,0,0.0
imp_219,2025-12-09T11:00:00,371,25-34,IN,finance,8,13,banner,tablet,11,1.544,0,0.0
imp_220,2025-12-09T00:00:00,17,25-34,CN,tech,153,1,banner,mobile,0,1.494,0,0.0
imp_221,2025-12-09T12:00:00,442,45+,IN,tech,35,16,native,desktop,12,0.507,0,0.0
imp_222,2025-12-09T23:00:00,73,35-44,US,finance,105,9,banner,desktop,23,0.169,0,0.0
imp_223,2025-12-09T18:00:00,497,25-34,UK,fashion,164,12,native,tablet,18,0.672,0,0.0
imp_224,2025-12-09T13:00:00,386,45+,CN,tech,61,7,video,desktop,13,1.722,0,0.0
imp_225,2025-12-09T04:00:00,213,45+,US,sports,99,7,native,desktop,4,0.447,0,0.0
imp_226,2025-12-09T20:00:00,370,18-24,US,fashion,13,8,video,desktop,20,1.364,0,0.0
imp_227,2025-12-09T19:00:00,300,18-24,US,sports,122,6,banner,desktop,19,0.641,0,0.0
imp_228,2025-12-09T00:00:00,386,25-34,CN,tech,62,19,native,tablet,0,0.449,0,0.0
imp_229,2025-12-09T07:00:00,332,35-44,UK,finance,78,8,video,desktop,7,1.05,0,0.0
imp_230,2025-12-09T15:00:00,429,45+,UK,sports,52,11,native,desktop,15,0.857,0,0.0
imp_231,2025-12-09T18:00:00,478,25-34,CN,tech,75,4,banner,mobile,18,0.693,0,0.0
imp_232,2025-12-09T12:00:00,350,25-34,UK,fashion,65,15,native,tablet,12,1.301,0,0.0
imp_233,2025-12-09T15:00:00,86,45+,US,tech,184,17,native,desktop,15,0.409,0,0.0
imp_234,2025-12-09T17:00:00,342,18-24,IN,sports,195,0,banner,desktop,17,0.318,0,0.0
imp_235,2025-12-09T20:00:00,111,25-34,CN,sports,95,1,native,tablet,20,1.294,0,0.0
imp_236,2025-12-09T19:00:00,6,45+,IN,fashion,135,8,banner,tablet,19,1.956,1,1.7
imp_237,2025-12-09T00:00:00,268,45+,US,tech,61,6,banner,tablet,0,1.077,0,0.0
imp_238,2025-12-09T11:00:00,207,35-44,CN,fashion,144,7,banner,tablet,11,0.49,0,0.0
imp_239,2025-12-09T21:00:00,193,18-24,CN,sports,14,0,banner,tablet,21,0.384,0,0.0
imp_240,2025-12-09T15:00:00,498,45+,IN,finance,135,1,native,mobile,15,0.462,0,0.0
imp_241,2025-12-09T22:00:00,350,45+,UK,finance,139,18,banner,tablet,22,0.114,0,0.0
imp_242,2025-12-09T10:00:00,420,18-24,CN,tech,19,9,native,mobile,10,1.15,0,0.0
imp_243,2025-12-09T18:00:00,71,45+,IN,finance,128,11,video,mobile,18,0.24,0,0.0
imp_244,2025-12-09T07:00:00,488,18-24,CN,finance,198,10,native,mobile,7,1.287,0,0.0
imp_245,2025-12-09T14:00:00,192,45+,CN,tech,47,18,video,tablet,14,0.791,0,0.0
imp_246,2025-12-09T19:00:00,137,35-44,US,tech,97,4,native,tablet,19,0.81,0,0.0
imp_247,2025-12-09T11:00:00,227,18-24,UK,sports,194,8,banner,mobile,11,0.308,0,0.0
imp_248,2025-12-09T05:00:00,208,45+,IN,fashion,6,2,native,desktop,5,1.131,0,0.0
imp_249,2025-12-09T19:00:00,198,35-44,IN,fashion,185,17,banner,mobile,19,1.165,0,0.0
imp_250,2025-12-09T05:00:00,137,45+,CN,tech,37,2,banner,mobile,5,0.898,0,0.0
imp_251,2025-12-09T13:00:00,483,35-44,US,fashion,184,15,banner,tablet,13,1.253,0,0.0
imp_252,2025-12-09T14:00:00,430,18-24,CN,tech,84,14,video,desktop,14,0.89,1,1.25
imp_253,2025-12-09T20:00:00,355,25-34,US,finance,122,10,video,mobile,20,1.931,0,0.0
imp_254,2025-12-09T10:00:00,166,35-44,CN,fashion,71,12,native,desktop,10,0.272,0,0.0
imp_255,2025-12-09T18:00:00,13,25-34,CN,tech,181,6,native,desktop,18,1.605,0,0.0
imp_256,2025-12-09T22:00:00,324,18-24,UK,fashion,61,8,native,tablet,22,0.351,0,0.0
imp_257,2025-12-09T13:00:00,245,45+,CN,sports,136,16,video,tablet,13,0.866,0,0.0
imp_258,2025-12-09T01:00:00,336,35-44,UK,sports,42,19,banner,mobile,1,1.148,0,0.0
imp_259,2025-12-09T20:00:00,50,45+,UK,finance,56,16,video,tablet,20,1.062,0,0.0
imp_260,2025-12-09T18:00:00,395,25-34,US,fashion,88,0,video,desktop,18,0.254,0,0.0
imp_261,2025-12-09T13:00:00,159,18-24,UK,sports,116,6,native,tablet,13,0.992,0,0.0
imp_262,2025-12-09T15:00:00,163,18-24,IN,fashion,76,1,native,tablet,15,0.274,0,0.0
imp_263,2025-12-09T10:00:00,89,18-24,US,tech,84,17,native,desktop,10,1.919,0,0.0
imp_264,2025-12-09T07:00:00,221,45+,CN,tech,7,19,banner,mobile,7,0.927,0,0.0
imp_265,2025-12-09T13:00:00,142,45+,IN,sports,147,3,native,tablet,13,0.415,0,0.0
imp_266,2025-12-09T10:00:00,441,25-34,CN,fashion,135,10,banner,tablet,10,0.808,0,0.0
imp_267,2025-12-09T12:00:00,316,18-24,US,finance,172,9,video,tablet,12,1.201,0,0.0
imp_268,2025-12-09T21:00:00,59,25-34,US,finance,95,4,banner,tablet,21,0.808,0,0.0
imp_269,2025-12-09T19:00:00,325,25-34,US,fashion,142,5,video,desktop,19,0.613,0,0.0
imp_270,2025-12-09T05:00:00,183,35-44,IN,fashion,124,4,native,mobile,5,1.64,0,0.0
imp_271,2025-12-09T17:00:00,363,45+,CN,fashion,125,5,native,mobile,17,1.153,0,0.0
imp_272,2025-12-09T07:00:00,147,35-44,US,sports,199,14,video,tablet,7,1.498,0,0.0
imp_273,2025-12-09T15:00:00,421,18-24,UK,sports,138,1,video,tablet,15,0.911,0,0.0
imp_274,2025-12-09T06:00:00,384,45+,US,sports,76,1,native,desktop,6,0.562,0,0.0
imp_275,2025-12-09T02:00:00,377,45+,UK,sports,181,19,banner,tablet,2,0.885,0,0.0
imp_276,2025-12-09T19:00:00,291,25-34,UK,tech,136,8,banner,tablet,19,1.101,0,0.0
imp_277,2025-12-09T10:00:00,439,35-44,IN,finance,34,13,native,mobile,10,1.985,0,0.0
imp_278,2025-12-09T20:00:00,164,25-34,US,tech,194,12,banner,desktop,20,0.327,0,0.0
imp_279,2025-12-09T20:00:00,324,35-44,IN,fashion,103,16,video,tablet,20,0.593,0,0.0
imp_280,2025-12-09T11:00:00,444,45+,IN,fashion,187,14,video,tablet,11,1.345,0,0.0
imp_281,2025-12-09T11:00:00,422,18-24,US,fashion,126,8,banner,desktop,11,1.665,0,0.0
imp_282,2025-12-09T10:00:00,390,25-34,IN,fashion,11,3,video,tablet,10,1.579,0,0.0
imp_283,2025-12-09T14:00:00,0,18-24,CN,sports,51,4,banner,tablet,14,0.639,0,0.0
imp_284,2025-12-09T08:00:00,340,18-24,US,finance,13,12,video,tablet,8,0.646,0,0.0
imp_285,2025-12-09T22:00:00,48,25-34,IN,fashion,54,15,native,mobile,22,0.309,0,0.0
imp_286,2025-12-09T07:00:00,418,45+,IN,sports,108,4,banner,desktop,7,0.188,0,0.0
imp_287,2025-12-09T12:00:00,451,18-24,UK,sports,35,12,banner,mobile,12,1.301,0,0.0
imp_288,2025-12-09T21:00:00,312,25-34,US,sports,112,11,native,tablet,21,0.465,0,0.0
imp_289,2025-12-09T23:00:00,440,25-34,US,fashion,22,3,native,mobile,23,1.517,0,0.0
imp_290,2025-12-09T18:00:00,71,45+,US,finance,70,2,video,mobile,18,1.129,0,0.0
imp_291,2025-12-09T19:00:00,105,35-44,US,sports,191,12,native,desktop,19,1.31,0,0.0
imp_292,2025-12-09T07:00:00,326,45+,IN,fashion,135,0,banner,desktop,7,1.871,0,0.0
imp_293,2025-12-09T04:00:00,88,45+,CN,fashion,197,2,video,mobile,4,1.195,0,0.0
imp_294,2025-12-09T00:00:00,485,35-44,CN,tech,129,9,banner,tablet,0,1.44,0,0.0
imp_295,2025-12-09T13:00:00,275,45+,US,fashion,71,2,banner,desktop,13,0.204,0,0.0
imp_296,2025-12-09T06:00:00,390,25-34,IN,finance,79,13,video,tablet,6,1.909,0,0.0
imp_297,2025-12-09T07:00:00,59,18-24,CN,tech,156,19,banner,mobile,7,0.653,0,0.0
imp_298,2025-12-09T23:00:00,359,25-34,IN,sports,41,15,banner,desktop,23,1.07,0,0.0
imp_299,2025-12-09T23:00:00,399,35-44,UK,tech,187,3,video,mobile,23,0.703,0,0.0
imp_300,2025-12-09T13:00:00,295,35-44,IN,sports,127,14,video,tablet,13,0.752,0,0.0
imp_301,2025-12-09T15:00:00,52,25-34,IN,finance,58,16,banner,mobile,15,0.136,0,0.0
imp_302,2025-12-09T00:00:00,471,25-34,US,sports,45,1,video,tablet,0,1.616,0,0.0
imp_303,2025-12-09T22:00:00,468,45+,UK,tech,69,2,video,tablet,22,0.777,0,0.0
imp_304,2025-12-09T16:00:00,23,18-24,CN,tech,17,14,banner,desktop,16,1.558,0,0.0
imp_305,2025-12-09T09:00:00,188,35-44,US,sports,74,18,native,desktop,9,1.492,0,0.0
imp_306,2025-12-09T07:00:00,395,45+,US,finance,187,17,native,mobile,7,0.344,0,0.0
imp_307,2025-12-09T13:00:00,429,18-24,IN,tech,85,0,native,tablet,13,0.784,0,0.0
imp_308,2025-12-09T23:00:00,121,35-44,CN,sports,125,1,banner,mobile,23,1.438,0,0.0
imp_309,2025-12-09T02:00:00,458,18-24,UK,tech,117,2,native,tablet,2,0.236,0,0.0
imp_310,2025-12-09T04:00:00,222,45+,US,sports,60,9,native,desktop,4,1.709,0,0.0
imp_311,2025-12-09T12:00:00,38,35-44,US,finance,34,18,video,mobile,12,0.353,0,0.0
imp_312,2025-12-09T05:00:00,274,45+,UK,fashion,197,6,video,desktop,5,0.651,0,0.0
imp_313,2025-12-09T08:00:00,155,18-24,IN,sports,55,10,banner,mobile,8,0.228,0,0.0
imp_314,2025-12-09T07:00:00,153,35-44,UK,fashion,44,0,native,desktop,7,1.716,0,0.0
imp_315,2025-12-09T17:00:00,406,25-34,US,sports,31,0,video,mobile,17,1.669,0,0.0
imp_316,2025-12-09T07:00:00,322,25-34,IN,tech,149,18,video,desktop,7,1.839,0,0.0
imp_317,2025-12-09T02:00:00,227,18-24,US,sports,23,10,banner,mobile,2,0.133,0,0.0
imp_318,2025-12-09T14:00:00,370,18-24,CN,tech,127,0,native,desktop,14,1.382,0,0.0
imp_319,2025-12-09T05:00:00,228,35-44,US,tech,8,19,banner,tablet,5,1.253,0,0.0
imp_320,2025-12-09T20:00:00,245,35-44,IN,fashion,22,8,video,desktop,20,0.318,0,0.0
imp_321,2025-12-09T06:00:00,183,25-34,CN,sports,139,15,video,desktop,6,1.83,0,0.0
imp_322,2025-12-09T16:00:00,163,35-44,US,fashion,7,8,video,mobile,16,1.627,0,0.0
imp_323,2025-12-09T15:00:00,336,35-44,US,tech,68,17,banner,tablet,15,0.159,0,0.0
imp_324,2025-12-09T07:00:00,303,45+,UK,finance,188,11,banner,tablet,7,0.105,0,0.0
imp_325,2025-12-09T22:00:00,428,35-44,CN,tech,138,9,native,mobile,22,1.006,0,0.0
imp_326,2025-12-09T02:00:00,269,18-24,CN,tech,0,10,native,tablet,2,0.443,0,0.0
imp_327,2025-12-09T04:00:00,75,35-44,US,tech,198,3,video,tablet,4,1.728,0,0.0
imp_328,2025-12-09T02:00:00,154,35-44,UK,fashion,34,5,native,tablet,2,1.9,0,0.0
imp_329,2025-12-09T20:00:00,287,45+,UK,finance,57,18,banner,mobile,20,0.788,0,0.0
imp_330,2025-12-09T23:00:00,485,35-44,CN,tech,197,18,banner,mobile,23,0.405,0,0.0
imp_331,2025-12-09T10:00:00,381,25-34,IN,sports,60,11,video,desktop,10,0.377,0,0.0
imp_332,2025-12-09T02:00:00,127,35-44,IN,fashion,89,8,banner,mobile,2,1.455,0,0.0
imp_333,2025-12-09T01:00:00,85,45+,CN,fashion,126,12,native,desktop,1,1.115,0,0.0
imp_334,2025-12-09T03:00:00,409,45+,IN,tech,75,0,banner,desktop,3,0.559,0,0.0
imp_335,2025-12-09T03:00:00,82,18-24,IN,finance,140,2,banner,desktop,3,1.208,0,0.0
imp_336,2025-12-09T19:00:00,84,45+,CN,sports,40,1,video,mobile,19,0.696,0,0.0
imp_337,2025-12-09T06:00:00,121,45+,IN,finance,12,12,native,tablet,6,1.122,0,0.0
imp_338,2025-12-09T15:00:00,421,25-34,CN,sports,51,3,video,mobile,15,0.454,1,0.35
imp_339,2025-12-09T20:00:00,157,35-44,CN,sports,120,15,video,tablet,20,0.567,0,0.0
imp_340,2025-12-09T20:00:00,189,45+,US,tech,114,1,video,desktop,20,0.907,0,0.0
imp_341,2025-12-09T08:00:00,385,25-34,IN,finance,21,11,native,tablet,8,0.857,0,0.0
imp_342,2025-12-09T18:00:00,214,25-34,CN,sports,146,7,video,desktop,18,0.633,0,0.0
imp_343,2025-12-09T12:00:00,229,18-24,US,tech,42,6,banner,mobile,12,0.296,0,0.0
imp_344,2025-12-09T13:00:00,321,18-24,US,fashion,152,8,banner,desktop,13,1.826,0,0.0
imp_345,2025-12-09T02:00:00,166,18-24,UK,fashion,133,14,native,mobile,2,1.584,0,0.0
imp_346,2025-12-09T19:00:00,290,45+,IN,sports,27,18,video,mobile,19,1.582,0,0.0
imp_347,2025-12-09T17:00:00,248,35-44,CN,fashion,9,5,video,desktop,17,0.836,0,0.0
imp_348,2025-12-09T19:00:00,169,45+,US,sports,12,15,video,desktop,19,1.799,0,0.0
imp_349,2025-12-09T00:00:00,251,35-44,IN,finance,58,4,video,desktop,0,1.95,0,0.0
imp_350,2025-12-09T14:00:00,330,35-44,IN,finance,48,14,native,mobile,14,1.831,0,0.0
imp_351,2025-12-09T13:00:00,81,45+,IN,finance,79,16,banner,desktop,13,0.315,0,0.0
imp_352,2025-12-09T16:00:00,102,18-24,IN,tech,63,1,banner,desktop,16,0.149,0,0.0
imp_353,2025-12-09T11:00:00,258,25-34,CN,finance,162,3,video,tablet,11,0.11,0,0.0
imp_354,2025-12-09T11:00:00,242,45+,UK,fashion,88,5,banner,desktop,11,1.51,0,0.0
imp_355,2025-12-09T22:00:00,83,18-24,US,finance,56,7,banner,tablet,22,0.453,0,0.0
imp_356,2025-12-09T20:00:00,331,45+,US,sports,153,0,native,mobile,20,0.542,1,2.74
imp_357,2025-12-09T09:00:00,235,35-44,UK,fashion,55,14,video,desktop,9,1.371,0,0.0
imp_358,2025-12-09T19:00:00,339,45+,UK,sports,143,19,banner,tablet,19,0.601,0,0.0
imp_359,2025-12-09T21:00:00,141,18-24,UK,fashion,70,8,banner,tablet,21,1.437,0,0.0
imp_360,2025-12-09T20:00:00,123,35-44,IN,tech,153,12,banner,tablet,20,0.673,0,0.0
imp_361,2025-12-09T04:00:00,214,18-24,CN,fashion,99,1,video,tablet,4,1.431,0,0.0
imp_362,2025-12-09T18:00:00,351,25-34,CN,finance,171,11,native,tablet,18,0.635,0,0.0
imp_363,2025-12-09T05:00:00,379,25-34,UK,finance,185,17,banner,mobile,5,1.897,0,0.0
imp_364,2025-12-09T10:00:00,446,18-24,UK,tech,107,10,video,desktop,10,0.558,0,0.0
imp_365,2025-12-09T09:00:00,324,45+,IN,sports,120,6,video,tablet,9,0.284,0,0.0
imp_366,2025-12-09T21:00:00,437,45+,US,finance,35,6,video,desktop,21,0.848,0,0.0
imp_367,2025-12-09T18:00:00,92,45+,IN,tech,124,10,video,tablet,18,1.974,0,0.0
imp_368,2025-12-09T10:00:00,389,18-24,US,sports,147,5,video,desktop,10,1.581,0,0.0
imp_369,2025-12-09T02:00:00,219,25-34,CN,fashion,98,0,native,mobile,2,1.091,0,0.0
imp_370,2025-12-09T23:00:00,271,35-44,US,sports,4,0,video,tablet,23,1.481,0,0.0
imp_371,2025-12-09T07:00:00,257,35-44,UK,finance,42,2,banner,mobile,7,0.631,0,0.0
imp_372,2025-12-09T09:00:00,68,45+,UK,finance,125,11,video,mobile,9,0.372,0,0.0
imp_373,2025-12-09T12:00:00,67,18-24,US,tech,187,0,banner,tablet,12,1.034,0,0.0
imp_374,2025-12-09T03:00:00,130,35-44,IN,sports,152,1,video,tablet,3,0.261,0,0.0
imp_375,2025-12-09T00:00:00,63,18-24,UK,sports,121,4,video,mobile,0,1.406,0,0.0
imp_376,2025-12-09T20:00:00,339,18-24,UK,finance,159,19,video,tablet,20,0.317,0,0.0
imp_377,2025-12-09T03:00:00,254,18-24,US,finance,155,6,banner,desktop,3,1.671,0,0.0
imp_378,2025-12-09T06:00:00,280,35-44,CN,fashion,53,15,video,desktop,6,0.507,0,0.0
imp_379,2025-12-09T00:00:00,76,18-24,IN,sports,199,16,native,mobile,0,1.461,0,0.0
imp_380,2025-12-09T03:00:00,151,35-44,UK,tech,118,1,video,mobile,3,1.636,0,0.0
imp_381,2025-12-09T01:00:00,378,35-44,IN,finance,24,1,native,mobile,1,1.711,0,0.0
imp_382,2025-12-09T21:00:00,489,25-34,UK,finance,187,2,video,desktop,21,1.639,0,0.0
imp_383,2025-12-09T05:00:00,139,18-24,CN,fashion,176,15,video,desktop,5,1.315,0,0.0
imp_384,2025-12-09T05:00:00,482,18-24,US,tech,26,13,native,tablet,5,0.991,0,0.0
imp_385,2025-12-09T18:00:00,183,45+,IN,tech,175,4,native,desktop,18,1.845,0,0.0
imp_386,2025-12-09T03:00:00,335,45+,UK,fashion,3,16,banner,tablet,3,1.174,0,0.0
imp_387,2025-12-09T18:00:00,358,25-34,IN,finance,110,7,native,desktop,18,0.724,0,0.0
imp_388,2025-12-09T21:00:00,313,45+,IN,tech,2,5,native,tablet,21,1.705,0,0.0
imp_389,2025-12-09T15:00:00,169,25-34,UK,sports,12,16,video,mobile,15,1.123,0,0.0
imp_390,2025-12-09T12:00:00,410,45+,CN,tech,22,15,banner,desktop,12,0.666,0,0.0
imp_391,2025-12-09T15:00:00,285,18-24,IN,sports,23,19,video,tablet,15,1.293,0,0.0
imp_392,2025-12-09T16:00:00,27,25-34,US,fashion,116,10,video,tablet,16,1.546,0,0.0
imp_393,2025-12-09T19:00:00,49,45+,US,finance,0,10,native,desktop,19,1.668,0,0.0
imp_394,2025-12-09T09:00:00,252,35-44,US,sports,183,13,banner,mobile,9,0.546,0,0.0
imp_395,2025-12-09T06:00:00,422,25-34,US,sports,183,10,video,mobile,6,1.526,0,0.0
imp_396,2025-12-09T01:00:00,489,18-24,US,fashion,127,0,video,tablet,1,1.486,0,0.0
imp_397,2025-12-09T17:00:00,466,45+,US,fashion,177,18,native,mobile,17,1.474,0,0.0
imp_398,2025-12-09T04:00:00,451,18-24,UK,fashion,129,12,native,desktop,4,1.96,0,0.0
imp_399,2025-12-09T22:00:00,496,25-34,UK,finance,115,4,video,mobile,22,0.855,0,0.0
imp_400,2025-12-09T22:00:00,283,35-44,US,finance,51,6,native,tablet,22,1.443,0,0.0
imp_401,2025-12-09T21:00:00,490,35-44,US,tech,128,17,native,tablet,21,1.292,0,0.0
imp_402,2025-12-09T22:00:00,292,18-24,CN,finance,172,17,native,desktop,22,1.761,0,0.0
imp_403,2025-12-09T13:00:00,27,18-24,IN,sports,51,8,banner,mobile,13,1.968,0,0.0
imp_404,2025-12-09T21:00:00,151,35-44,US,tech,192,17,banner,mobile,21,0.749,0,0.0
imp_405,2025-12-09T14:00:00,199,18-24,US,tech,130,9,native,tablet,14,1.346,0,0.0
imp_406,2025-12-09T12:00:00,282,45+,IN,fashion,3,8,native,mobile,12,1.26,0,0.0
imp_407,2025-12-09T14:00:00,308,25-34,US,finance,198,6,native,desktop,14,0.925,0,0.0
imp_408,2025-12-09T21:00:00,61,18-24,CN,tech,10,13,banner,desktop,21,1.135,0,0.0
imp_409,2025-12-09T04:00:00,363,25-34,US,finance,10,4,banner,desktop,4,1.214,0,0.0
imp_410,2025-12-09T20:00:00,37,35-44,UK,fashion,134,7,native,mobile,20,1.065,0,0.0
imp_411,2025-12-09T16:00:00,47,25-34,UK,fashion,56,6,native,tablet,16,0.697,0,0.0
imp_412,2025-12-09T11:00:00,287,35-44,IN,tech,29,11,native,desktop,11,0.519,0,0.0
imp_413,2025-12-09T20:00:00,195,25-34,IN,sports,98,8,native,tablet,20,1.462,0,0.0
imp_414,2025-12-09T00:00:00,459,35-44,US,fashion,82,16,video,mobile,0,1.899,0,0.0
imp_415,2025-12-09T05:00:00,396,18-24,US,sports,175,13,banner,mobile,5,0.451,0,0.0
imp_416,2025-12-09T22:00:00,12,45+,CN,sports,183,10,native,mobile,22,0.221,0,0.0
imp_417,2025-12-09T01:00:00,420,25-34,US,finance,66,13,native,desktop,1,0.93,0,0.0
imp_418,2025-12-09T12:00:00,60,45+,IN,finance,164,19,banner,mobile,12,1.524,0,0.0
imp_419,2025-12-09T18:00:00,54,18-24,UK,sports,175,9,video,tablet,18,0.219,0,0.0
imp_420,2025-12-09T14:00:00,80,45+,US,fashion,34,12,native,tablet,14,0.625,0,0.0
imp_421,2025-12-09T20:00:00,494,25-34,UK,finance,2,17,native,tablet,20,0.326,0,0.0
imp_422,2025-12-09T01:00:00,43,18-24,UK,fashion,53,11,native,mobile,1,0.855,0,0.0
imp_423,2025-12-09T20:00:00,427,25-34,UK,tech,49,3,banner,mobile,20,1.358,0,0.0
imp_424,2025-12-09T18:00:00,148,18-24,IN,fashion,64,3,native,mobile,18,1.465,0,0.0
imp_425,2025-12-09T15:00:00,120,35-44,IN,finance,72,19,banner,mobile,15,1.805,0,0.0
imp_426,2025-12-09T10:00:00,156,45+,US,fashion,144,18,video,desktop,10,1.625,0,0.0
imp_427,2025-12-09T13:00:00,113,25-34,CN,sports,70,11,video,mobile,13,1.375,0,0.0
imp_428,2025-12-09T10:00:00,156,45+,CN,fashion,141,3,video,mobile,10,1.309,0,0.0
imp_429,2025-12-09T02:00:00,375,35-44,IN,tech,186,2,native,mobile,2,1.707,0,0.0
imp_430,2025-12-09T20:00:00,18,18-24,UK,fashion,139,17,native,desktop,20,1.325,0,0.0
imp_431,2025-12-09T04:00:00,301,35-44,UK,fashion,34,14,banner,tablet,4,1.045,0,0.0
imp_432,2025-12-09T12:00:00,493,35-44,US,sports,193,16,native,mobile,12,0.92,0,0.0
imp_433,2025-12-09T05:00:00,389,25-34,CN,fashion,59,2,video,desktop,5,0.77,0,0.0
imp_434,2025-12-09T01:00:00,232,25-34,IN,finance,10,10,video,mobile,1,1.422,0,0.0
imp_435,2025-12-09T16:00:00,89,35-44,CN,finance,167,12,native,desktop,16,1.196,0,0.0
imp_436,2025-12-09T02:00:00,180,35-44,UK,fashion,124,15,banner,tablet,2,0.063,0,0.0
imp_437,2025-12-09T04:00:00,329,45+,UK,tech,54,4,banner,mobile,4,0.357,0,0.0
imp_438,2025-12-09T19:00:00,368,18-24,IN,tech,123,15,video,desktop,19,0.461,0,0.0
imp_439,2025-12-09T05:00:00,293,45+,US,sports,34,16,banner,mobile,5,1.787,0,0.0
imp_440,2025-12-09T04:00:00,264,18-24,CN,tech,153,18,video,tablet,4,0.086,0,0.0
imp_441,2025-12-09T23:00:00,241,35-44,CN,sports,43,7,banner,desktop,23,1.222,0,0.0
imp_442,2025-12-09T18:00:00,175,25-34,CN,finance,152,18,banner,mobile,18,0.498,0,0.0
imp_443,2025-12-09T12:00:00,440,25-34,CN,sports,38,19,banner,mobile,12,0.396,0,0.0
imp_444,2025-12-09T19:00:00,66,18-24,IN,sports,198,13,banner,tablet,19,0.87,0,0.0
imp_445,2025-12-09T01:00:00,195,45+,UK,tech,150,18,video,mobile,1,0.88,0,0.0
imp_446,2025-12-09T08:00:00,448,45+,CN,tech,65,6,banner,mobile,8,1.433,0,0.0
imp_447,2025-12-09T00:00:00,352,18-24,UK,sports,104,11,video,mobile,0,0.352,0,0.0
imp_448,2025-12-09T20:00:00,187,35-44,UK,finance,174,12,native,mobile,20,0.856,0,0.0
imp_449,2025-12-09T17:00:00,247,45+,UK,tech,78,18,video,desktop,17,1.56,0,0.0
imp_450,2025-12-09T12:00:00,400,25-34,US,sports,25,6,native,tablet,12,0.831,0,0.0
imp_451,2025-12-09T10:00:00,2,18-24,IN,tech,37,15,video,tablet,10,0.899,0,0.0
imp_452,2025-12-09T02:00:00,19,35-44,CN,tech,102,19,video,tablet,2,1.066,0,0.0
imp_453,2025-12-09T22:00:00,5,18-24,US,tech,168,16,native,desktop,22,0.43,0,0.0
imp_454,2025-12-09T19:00:00,0,25-34,US,tech,22,8,native,desktop,19,0.739,1,0.79
imp_455,2025-12-09T12:00:00,470,45+,IN,tech,140,9,native,tablet,12,1.668,1,2.14
imp_456,2025-12-09T18:00:00,493,35-44,US,finance,116,12,video,tablet,18,0.059,0,0.0
imp_457,2025-12-09T05:00:00,150,45+,UK,sports,29,16,native,desktop,5,1.758,0,0.0
imp_458,2025-12-09T18:00:00,394,35-44,US,fashion,193,10,video,desktop,18,1.379,0,0.0
imp_459,2025-12-09T18:00:00,195,18-24,US,fashion,173,7,banner,desktop,18,0.854,0,0.0
imp_460,2025-12-09T11:00:00,204,18-24,UK,finance,19,17,banner,mobile,11,0.979,0,0.0
imp_461,2025-12-09T11:00:00,349,25-34,US,finance,127,6,banner,mobile,11,1.484,0,0.0
imp_462,2025-12-09T08:00:00,428,25-34,UK,tech,39,3,banner,mobile,8,1.844,0,0.0
imp_463,2025-12-09T21:00:00,434,45+,CN,sports,95,19,native,desktop,21,1.01,0,0.0
imp_464,2025-12-09T18:00:00,468,35-44,UK,fashion,101,7,banner,tablet,18,0.3,0,0.0
imp_465,2025-12-09T16:00:00,177,45+,CN,fashion,175,5,native,desktop,16,1.954,0,0.0
imp_466,2025-12-09T22:00:00,194,45+,IN,finance,83,11,native,tablet,22,1.731,1,2.05
imp_467,2025-12-09T05:00:00,313,35-44,UK,tech,93,5,video,desktop,5,0.877,0,0.0
imp_468,2025-12-09T13:00:00,92,35-44,US,finance,147,7,video,mobile,13,1.456,0,0.0
imp_469,2025-12-09T07:00:00,491,45+,US,fashion,121,0,banner,mobile,7,0.872,0,0.0
imp_470,2025-12-09T04:00:00,439,35-44,IN,fashion,101,3,video,tablet,4,0.369,0,0.0
imp_471,2025-12-09T06:00:00,381,35-44,UK,fashion,66,11,native,desktop,6,1.143,0,0.0
imp_472,2025-12-09T08:00:00,444,35-44,US,sports,147,18,video,tablet,8,1.316,0,0.0
imp_473,2025-12-09T05:00:00,249,35-44,CN,finance,20,12,video,tablet,5,0.609,0,0.0
imp_474,2025-12-09T20:00:00,172,25-34,CN,tech,161,19,native,tablet,20,0.839,0,0.0
imp_475,2025-12-09T02:00:00,162,18-24,UK,tech,181,8,video,tablet,2,1.307,0,0.0
imp_476,2025-12-09T08:00:00,494,45+,CN,finance,105,5,native,mobile,8,1.716,0,0.0
imp_477,2025-12-09T04:00:00,40,25-34,US,finance,42,12,native,mobile,4,0.236,0,0.0
imp_478,2025-12-09T15:00:00,42,18-24,IN,sports,67,19,video,mobile,15,0.214,0,0.0
imp_479,2025-12-09T12:00:00,226,35-44,US,tech,33,16,banner,mobile,12,0.106,0,0.0
imp_480,2025-12-09T21:00:00,445,35-44,UK,finance,140,14,video,mobile,21,1.941,0,0.0
imp_481,2025-12-09T22:00:00,449,25-34,CN,fashion,134,17,native,desktop,22,1.822,0,0.0
imp_482,2025-12-09T15:00:00,211,25-34,UK,sports,39,9,video,mobile,15,0.05,0,0.0
imp_483,2025-12-09T04:00:00,352,35-44,CN,finance,193,15,video,desktop,4,0.068,0,0.0
imp_484,2025-12-09T13:00:00,96,35-44,CN,tech,143,13,banner,desktop,13,0.537,0,0.0
imp_485,2025-12-09T22:00:00,216,45+,US,fashion,132,19,banner,tablet,22,1.385,0,0.0
imp_486,2025-12-09T09:00:00,93,35-44,US,fashion,74,3,banner,tablet,9,0.938,0,0.0
imp_487,2025-12-09T14:00:00,77,35-44,IN,fashion,136,0,banner,mobile,14,1.946,0,0.0
imp_488,2025-12-09T09:00:00,4,35-44,US,tech,23,4,native,mobile,9,1.012,0,0.0
imp_489,2025-12-09T10:00:00,237,45+,IN,finance,84,2,video,mobile,10,0.159,0,0.0
imp_490,2025-12-09T12:00:00,430,18-24,UK,fashion,97,0,banner,mobile,12,1.95,0,0.0
imp_491,2025-12-09T22:00:00,17,25-34,US,fashion,117,3,video,tablet,22,1.349,0,0.0
imp_492,2025-12-09T06:00:00,479,45+,UK,fashion,40,1,native,tablet,6,1.878,0,0.0
imp_493,2025-12-09T16:00:00,101,18-24,UK,finance,13,6,video,mobile,16,0.51,0,0.0
imp_494,2025-12-09T13:00:00,299,35-44,IN,sports,101,7,banner,mobile,13,1.939,0,0.0
imp_495,2025-12-09T18:00:00,127,45+,US,tech,127,2,video,tablet,18,1.256,0,0.0
imp_496,2025-12-09T20:00:00,359,18-24,IN,sports,32,15,video,mobile,20,0.668,0,0.0
imp_497,2025-12-09T17:00:00,352,35-44,CN,fashion,91,4,native,desktop,17,1.802,0,0.0
imp_498,2025-12-09T15:00:00,97,45+,US,finance,139,11,native,desktop,15,1.478,0,0.0
imp_499,2025-12-09T08:00:00,151,25-34,UK,sports,138,11,native,desktop,8,0.051,0,0.0
imp_500,2025-12-09T20:00:00,186,45+,US,tech,82,2,banner,tablet,20,1.936,0,0.0
imp_501,2025-12-09T12:00:00,144,25-34,UK,fashion,104,10,native,mobile,12,0.238,0,0.0
imp_502,2025-12-09T21:00:00,16,18-24,US,sports,27,15,banner,mobile,21,0.243,0,0.0
imp_503,2025-12-09T18:00:00,302,45+,UK,fashion,12,11,native,mobile,18,1.232,0,0.0
imp_504,2025-12-09T02:00:00,455,18-24,IN,tech,119,1,native,desktop,2,1.138,0,0.0
imp_505,2025-12-09T13:00:00,20,35-44,IN,sports,77,2,native,mobile,13,1.923,0,0.0
imp_506,2025-12-09T03:00:00,98,18-24,US,tech,145,5,native,tablet,3,1.511,0,0.0
imp_507,2025-12-09T13:00:00,340,18-24,CN,finance,26,5,native,mobile,13,1.122,0,0.0
imp_508,2025-12-09T16:00:00,226,35-44,UK,tech,80,17,native,desktop,16,1.697,0,0.0
imp_509,2025-12-09T13:00:00,279,45+,US,finance,96,17,native,tablet,13,0.545,0,0.0
imp_510,2025-12-09T14:00:00,145,45+,IN,fashion,132,4,banner,desktop,14,0.063,0,0.0
imp_511,2025-12-09T07:00:00,482,25-34,UK,finance,141,16,banner,tablet,7,1.163,0,0.0
imp_512,2025-12-09T18:00:00,79,25-34,US,sports,67,11,banner,tablet,18,0.537,0,0.0
imp_513,2025-12-09T08:00:00,469,35-44,US,sports,187,2,native,tablet,8,0.683,0,0.0
imp_514,2025-12-09T15:00:00,419,25-34,IN,fashion,152,9,native,mobile,15,1.475,0,0.0
imp_515,2025-12-09T18:00:00,171,45+,UK,sports,111,13,banner,mobile,18,1.746,0,0.0
imp_516,2025-12-09T07:00:00,21,18-24,UK,fashion,138,18,banner,mobile,7,0.687,0,0.0
imp_517,2025-12-09T22:00:00,201,25-34,CN,tech,192,19,banner,tablet,22,1.034,0,0.0
imp_518,2025-12-09T07:00:00,172,45+,IN,finance,121,18,video,tablet,7,0.146,0,0.0
imp_519,2025-12-09T12:00:00,396,35-44,US,sports,195,4,video,desktop,12,1.141,0,0.0
imp_520,2025-12-09T15:00:00,376,45+,US,tech,62,2,native,desktop,15,1.565,0,0.0
imp_521,2025-12-09T10:00:00,187,18-24,UK,sports,48,10,native,desktop,10,1.208,0,0.0
imp_522,2025-12-09T00:00:00,411,35-44,CN,tech,159,4,video,desktop,0,0.138,0,0.0
imp_523,2025-12-09T07:00:00,436,25-34,IN,finance,28,1,banner,mobile,7,1.9,0,0.0
imp_524,2025-12-09T04:00:00,56,35-44,UK,sports,115,15,video,mobile,4,0.697,0,0.0
imp_525,2025-12-09T23:00:00,132,25-34,CN,tech,159,4,native,tablet,23,1.413,0,0.0
imp_526,2025-12-09T00:00:00,145,45+,US,sports,178,19,video,desktop,0,0.154,0,0.0
imp_527,2025-12-09T20:00:00,339,18-24,UK,sports,27,0,video,desktop,20,1.741,0,0.0
imp_528,2025-12-09T20:00:00,363,45+,IN,tech,80,15,video,tablet,20,1.087,0,0.0
imp_529,2025-12-09T05:00:00,11,25-34,IN,fashion,63,16,native,desktop,5,0.7,0,0.0
imp_530,2025-12-09T12:00:00,181,25-34,UK,sports,60,16,video,desktop,12,1.633,0,0.0
imp_531,2025-12-09T20:00:00,485,35-44,UK,fashion,57,4,banner,desktop,20,1.799,0,0.0
imp_532,2025-12-09T21:00:00,491,25-34,US,sports,106,7,native,tablet,21,0.348,0,0.0
imp_533,2025-12-09T09:00:00,334,35-44,US,fashion,148,17,native,tablet,9,1.61,0,0.0
imp_534,2025-12-09T04:00:00,499,35-44,US,tech,167,18,video,mobile,4,0.669,0,0.0
imp_535,2025-12-09T17:00:00,74,18-24,IN,tech,195,10,video,desktop,17,1.924,0,0.0
imp_536,2025-12-09T09:00:00,54,45+,US,finance,47,0,banner,tablet,9,1.253,0,0.0
imp_537,2025-12-09T19:00:00,183,25-34,IN,tech,176,15,banner,mobile,19,1.03,0,0.0
imp_538,2025-12-09T19:00:00,251,45+,CN,finance,35,5,banner,mobile,19,0.491,0,0.0
imp_539,2025-12-09T13:00:00,343,18-24,US,finance,193,6,video,mobile,13,0.395,0,0.0
imp_540,2025-12-09T14:00:00,218,45+,CN,finance,198,1,video,tablet,14,1.484,0,0.0
imp_541,2025-12-09T12:00:00,292,35-44,IN,fashion,133,3,native,desktop,12,0.941,0,0.0
imp_542,2025-12-09T01:00:00,198,25-34,IN,fashion,48,9,native,desktop,1,0.826,0,0.0
imp_543,2025-12-09T09:00:00,313,35-44,IN,fashion,176,16,banner,mobile,9,0.954,0,0.0
imp_544,2025-12-09T20:00:00,92,45+,US,sports,100,13,native,desktop,20,0.929,0,0.0
imp_545,2025-12-09T05:00:00,165,45+,US,tech,183,3,video,mobile,5,0.273,0,0.0
imp_546,2025-12-09T14:00:00,372,35-44,US,sports,96,17,native,desktop,14,0.136,0,0.0
imp_547,2025-12-09T05:00:00,91,35-44,IN,tech,107,9,banner,desktop,5,1.474,0,0.0
imp_548,2025-12-09T14:00:00,491,35-44,US,tech,0,19,banner,desktop,14,0.074,0,0.0
imp_549,2025-12-09T15:00:00,121,45+,US,sports,150,15,native,desktop,15,0.85,0,0.0
imp_550,2025-12-09T02:00:00,321,18-24,US,tech,12,5,native,mobile,2,0.157,0,0.0
imp_551,2025-12-09T11:00:00,429,18-24,UK,tech,84,2,banner,mobile,11,0.262,0,0.0
imp_552,2025-12-09T05:00:00,358,25-34,US,finance,116,18,native,desktop,5,1.866,0,0.0
imp_553,2025-12-09T02:00:00,419,35-44,IN,finance,194,13,video,tablet,2,0.177,0,0.0
imp_554,2025-12-09T15:00:00,168,25-34,CN,sports,134,6,native,tablet,15,0.458,0,0.0
imp_555,2025-12-09T01:00:00,309,18-24,UK,sports,109,19,video,desktop,1,0.556,0,0.0
imp_556,2025-12-09T18:00:00,266,35-44,CN,tech,126,5,native,tablet,18,0.504,0,0.0
imp_557,2025-12-09T09:00:00,320,25-34,IN,sports,188,6,banner,tablet,9,1.998,0,0.0
imp_558,2025-12-09T13:00:00,326,18-24,US,finance,2,6,video,tablet,13,0.599,0,0.0
imp_559,2025-12-09T02:00:00,392,35-44,IN,finance,29,10,native,desktop,2,0.822,0,0.0
imp_560,2025-12-09T18:00:00,173,18-24,CN,tech,121,1,banner,tablet,18,0.315,0,0.0
imp_561,2025-12-09T04:00:00,211,45+,IN,finance,133,9,video,tablet,4,1.464,0,0.0
imp_562,2025-12-09T10:00:00,409,18-24,UK,tech,16,4,native,desktop,10,1.689,0,0.0
imp_563,2025-12-09T10:00:00,95,45+,IN,tech,192,9,native,tablet,10,1.723,0,0.0
imp_564,2025-12-09T22:00:00,449,18-24,US,finance,95,14,video,desktop,22,0.471,0,0.0
imp_565,2025-12-09T09:00:00,398,25-34,US,sports,23,14,video,tablet,9,0.099,0,0.0
imp_566,2025-12-09T15:00:00,375,25-34,UK,tech,198,10,video,mobile,15,1.55,0,0.0
imp_567,2025-12-09T03:00:00,442,25-34,IN,tech,1,9,native,mobile,3,1.39,1,1.22
imp_568,2025-12-09T19:00:00,52,18-24,UK,finance,5,18,video,desktop,19,1.296,0,0.0
imp_569,2025-12-09T06:00:00,272,35-44,UK,tech,197,14,banner,tablet,6,0.279,0,0.0
imp_570,2025-12-09T04:00:00,263,25-34,IN,finance,52,17,banner,desktop,4,1.121,1,1.91
imp_571,2025-12-09T08:00:00,36,25-34,UK,finance,156,10,native,tablet,8,0.915,0,0.0
imp_572,2025-12-09T04:00:00,196,18-24,IN,fashion,22,13,native,desktop,4,0.399,0,0.0
imp_573,2025-12-09T19:00:00,101,45+,IN,finance,193,14,video,tablet,19,0.307,0,0.0
imp_574,2025-12-09T22:00:00,329,45+,CN,sports,120,7,video,mobile,22,0.33,0,0.0
imp_575,2025-12-09T19:00:00,469,35-44,UK,finance,83,14,video,desktop,19,0.109,0,0.0
imp_576,2025-12-09T15:00:00,87,18-24,UK,finance,196,11,video,tablet,15,1.171,0,0.0
imp_577,2025-12-09T16:00:00,166,18-24,IN,fashion,77,17,native,desktop,16,0.832,0,0.0
imp_578,2025-12-09T13:00:00,246,25-34,CN,tech,16,10,native,mobile,13,1.637,0,0.0
imp_579,2025-12-09T18:00:00,278,45+,US,fashion,44,2,native,tablet,18,1.865,0,0.0
imp_580,2025-12-09T18:00:00,166,45+,IN,sports,113,5,native,desktop,18,1.914,0,0.0
imp_581,2025-12-09T02:00:00,338,18-24,IN,fashion,23,6,video,mobile,2,1.78,0,0.0
imp_582,2025-12-09T20:00:00,272,18-24,UK,tech,99,19,native,tablet,20,0.922,0,0.0
imp_583,2025-12-09T06:00:00,347,35-44,UK,finance,111,11,native,mobile,6,1.186,0,0.0
imp_584,2025-12-09T19:00:00,461,45+,IN,tech,0,17,video,desktop,19,0.264,0,0.0
imp_585,2025-12-09T09:00:00,201,18-24,UK,tech,182,12,video,desktop,9,0.794,0,0.0
imp_586,2025-12-09T17:00:00,284,25-34,CN,tech,92,13,video,mobile,17,0.613,0,0.0
imp_587,2025-12-09T21:00:00,8,25-34,US,tech,184,15,banner,tablet,21,0.902,0,0.0
imp_588,2025-12-09T04:00:00,440,18-24,CN,tech,178,19,native,desktop,4,1.265,0,0.0
imp_589,2025-12-09T14:00:00,95,45+,CN,fashion,154,0,video,tablet,14,1.021,0,0.0
imp_590,2025-12-09T23:00:00,295,25-34,UK,finance,8,1,video,tablet,23,0.992,0,0.0
imp_591,2025-12-09T11:00:00,373,18-24,UK,fashion,119,16,native,mobile,11,1.071,0,0.0
imp_592,2025-12-09T19:00:00,339,18-24,IN,tech,175,17,video,tablet,19,0.659,0,0.0
imp_593,2025-12-09T01:00:00,463,35-44,CN,sports,146,10,video,desktop,1,0.738,0,0.0
imp_594,2025-12-09T09:00:00,305,35-44,UK,tech,186,18,banner,desktop,9,0.17,0,0.0
imp_595,2025-12-09T15:00:00,414,25-34,IN,sports,73,15,native,mobile,15,0.297,0,0.0
imp_596,2025-12-09T02:00:00,140,35-44,UK,finance,3,3,banner,tablet,2,0.39,0,0.0
imp_597,2025-12-09T18:00:00,133,25-34,US,fashion,124,5,video,tablet,18,1.731,0,0.0
imp_598,2025-12-09T10:00:00,78,18-24,CN,tech,192,13,native,desktop,10,0.514,0,0.0
imp_599,2025-12-09T14:00:00,176,25-34,IN,tech,164,8,native,mobile,14,0.152,0,0.0
imp_600,2025-12-09T14:00:00,485,45+,US,fashion,97,12,video,desktop,14,0.562,0,0.0
imp_601,2025-12-09T16:00:00,229,45+,CN,sports,173,10,video,tablet,16,1.382,0,0.0
imp_602,2025-12-09T01:00:00,333,18-24,UK,finance,85,8,video,desktop,1,1.615,0,0.0
imp_603,2025-12-09T08:00:00,375,45+,US,fashion,133,10,native,tablet,8,1.396,0,0.0
imp_604,2025-12-09T05:00:00,210,35-44,IN,sports,134,3,native,tablet,5,0.92,1,0.3
imp_605,2025-12-09T07:00:00,317,35-44,IN,finance,14,19,banner,tablet,7,1.793,0,0.0
imp_606,2025-12-09T06:00:00,66,18-24,CN,sports,168,18,banner,mobile,6,1.797,0,0.0
imp_607,2025-12-09T22:00:00,479,25-34,IN,finance,163,14,video,desktop,22,1.55,0,0.0
imp_608,2025-12-09T22:00:00,141,35-44,IN,finance,97,12,banner,desktop,22,1.992,0,0.0
imp_609,2025-12-09T08:00:00,475,35-44,US,tech,156,12,video,mobile,8,1.309,0,0.0
imp_610,2025-12-09T03:00:00,54,25-34,CN,fashion,183,8,banner,mobile,3,0.118,0,0.0
imp_611,2025-12-09T02:00:00,76,35-44,IN,fashion,9,12,banner,desktop,2,0.346,0,0.0
imp_612,2025-12-09T10:00:00,394,45+,CN,sports,122,13,native,desktop,10,1.696,0,0.0
imp_613,2025-12-09T02:00:00,418,25-34,CN,sports,31,18,video,tablet,2,1.873,0,0.0
imp_614,2025-12-09T11:00:00,490,35-44,IN,finance,93,17,video,desktop,11,0.207,0,0.0
imp_615,2025-12-09T14:00:00,495,35-44,CN,tech,169,6,banner,desktop,14,1.407,0,0.0
imp_616,2025-12-09T03:00:00,224,35-44,US,fashion,35,1,banner,mobile,3,0.099,0,0.0
imp_617,2025-12-09T18:00:00,276,25-34,UK,fashion,127,17,video,desktop,18,1.935,0,0.0
imp_618,2025-12-09T00:00:00,369,18-24,IN,finance,103,3,banner,mobile,0,1.624,0,0.0
imp_619,2025-12-09T21:00:00,473,45+,IN,tech,9,4,native,desktop,21,1.325,0,0.0
imp_620,2025-12-09T15:00:00,7,18-24,US,tech,161,1,native,desktop,15,1.65,0,0.0
imp_621,2025-12-09T03:00:00,418,45+,IN,tech,29,15,native,tablet,3,1.608,0,0.0
imp_622,2025-12-09T07:00:00,427,18-24,CN,tech,83,3,video,tablet,7,1.173,0,0.0
imp_623,2025-12-09T04:00:00,171,35-44,IN,tech,30,8,banner,mobile,4,1.527,0,0.0
imp_624,2025-12-09T05:00:00,297,35-44,IN,tech,34,3,video,tablet,5,1.244,0,0.0
imp_625,2025-12-09T05:00:00,45,18-24,UK,fashion,106,15,banner,tablet,5,0.297,1,0.62
imp_626,2025-12-09T04:00:00,89,35-44,IN,fashion,152,5,video,tablet,4,1.025,0,0.0
imp_627,2025-12-09T02:00:00,60,35-44,IN,finance,158,11,video,tablet,2,1.04,1,0.78
imp_628,2025-12-09T14:00:00,407,25-34,US,finance,175,15,banner,desktop,14,0.394,0,0.0
imp_629,2025-12-09T21:00:00,107,18-24,CN,sports,64,10,native,tablet,21,1.62,0,0.0
imp_630,2025-12-09T14:00:00,275,18-24,US,sports,40,0,native,desktop,14,1.054,0,0.0
imp_631,2025-12-09T02:00:00,214,25-34,US,fashion,191,10,native,mobile,2,1.569,0,0.0
imp_632,2025-12-09T10:00:00,445,25-34,US,sports,96,7,banner,mobile,10,0.968,0,0.0
imp_633,2025-12-09T15:00:00,312,18-24,CN,fashion,45,12,banner,desktop,15,0.316,0,0.0
imp_634,2025-12-09T23:00:00,65,25-34,IN,finance,177,18,video,mobile,23,0.597,0,0.0
imp_635,2025-12-09T03:00:00,175,45+,US,fashion,75,19,video,mobile,3,1.59,0,0.0
imp_636,2025-12-09T20:00:00,267,25-34,CN,tech,55,18,banner,desktop,20,1.682,0,0.0
imp_637,2025-12-09T08:00:00,126,18-24,UK,fashion,111,18,native,mobile,8,1.789,0,0.0
imp_638,2025-12-09T18:00:00,20,25-34,CN,sports,187,16,video,mobile,18,0.88,0,0.0
imp_639,2025-12-09T12:00:00,42,45+,IN,sports,177,13,video,mobile,12,0.309,0,0.0
imp_640,2025-12-09T09:00:00,156,25-34,US,sports,180,14,banner,tablet,9,1.507,0,0.0
imp_641,2025-12-09T00:00:00,207,45+,US,fashion,94,14,banner,tablet,0,1.285,0,0.0
imp_642,2025-12-09T20:00:00,16,18-24,UK,fashion,109,8,native,tablet,20,1.895,0,0.0
imp_643,2025-12-09T17:00:00,376,25-34,IN,sports,131,11,native,mobile,17,0.266,0,0.0
imp_644,2025-12-09T11:00:00,331,45+,IN,sports,143,6,video,mobile,11,1.963,0,0.0
imp_645,2025-12-09T07:00:00,297,18-24,US,fashion,192,7,native,desktop,7,0.738,0,0.0
imp_646,2025-12-09T08:00:00,176,45+,CN,finance,124,16,banner,tablet,8,1.668,0,0.0
imp_647,2025-12-09T15:00:00,344,35-44,IN,fashion,48,14,native,mobile,15,0.206,0,0.0
imp_648,2025-12-09T05:00:00,57,35-44,US,sports,127,4,banner,mobile,5,1.065,0,0.0
imp_649,2025-12-09T20:00:00,277,18-24,US,finance,121,11,video,desktop,20,0.916,0,0.0
imp_650,2025-12-09T20:00:00,446,18-24,US,finance,133,10,banner,desktop,20,1.178,0,0.0
imp_651,2025-12-09T20:00:00,271,35-44,CN,fashion,117,9,native,tablet,20,0.307,0,0.0
imp_652,2025-12-09T09:00:00,497,25-34,UK,finance,197,1,banner,mobile,9,0.739,0,0.0
imp_653,2025-12-09T14:00:00,93,25-34,US,tech,181,4,native,mobile,14,0.514,0,0.0
imp_654,2025-12-09T01:00:00,94,35-44,US,tech,143,1,video,tablet,1,0.668,0,0.0
imp_655,2025-12-09T11:00:00,83,25-34,UK,finance,31,0,video,desktop,11,1.866,0,0.0
imp_656,2025-12-09T04:00:00,499,45+,UK,finance,165,9,banner,desktop,4,1.797,1,2.24
imp_657,2025-12-09T18:00:00,374,25-34,CN,fashion,10,4,video,tablet,18,1.124,0,0.0
imp_658,2025-12-09T09:00:00,228,18-24,UK,fashion,23,10,native,mobile,9,1.236,0,0.0
imp_659,2025-12-09T06:00:00,275,25-34,CN,finance,173,2,banner,tablet,6,0.819,0,0.0
imp_660,2025-12-09T15:00:00,75,35-44,CN,sports,94,12,native,desktop,15,0.074,0,0.0
imp_661,2025-12-09T11:00:00,44,35-44,US,finance,186,14,video,tablet,11,1.986,0,0.0
imp_662,2025-12-09T14:00:00,217,35-44,CN,tech,35,18,native,tablet,14,0.218,0,0.0
imp_663,2025-12-09T06:00:00,33,35-44,CN,fashion,22,0,native,desktop,6,1.296,0,0.0
imp_664,2025-12-09T08:00:00,290,45+,US,tech,51,5,native,desktop,8,0.614,0,0.0
imp_665,2025-12-09T15:00:00,286,18-24,CN,finance,57,0,native,mobile,15,0.35,0,0.0
imp_666,2025-12-09T09:00:00,147,45+,CN,sports,45,15,native,tablet,9,1.307,0,0.0
imp_667,2025-12-09T00:00:00,34,18-24,UK,finance,148,15,video,tablet,0,0.9,0,0.0
imp_668,2025-12-09T08:00:00,294,45+,IN,sports,66,5,video,tablet,8,0.164,0,0.0
imp_669,2025-12-09T10:00:00,139,45+,UK,tech,107,11,video,mobile,10,0.615,0,0.0
imp_670,2025-12-09T16:00:00,48,18-24,US,tech,139,10,native,desktop,16,1.662,0,0.0
imp_671,2025-12-09T21:00:00,185,35-44,IN,finance,136,18,native,desktop,21,1.655,0,0.0
imp_672,2025-12-09T00:00:00,210,25-34,UK,finance,41,3,video,mobile,0,0.351,0,0.0
imp_673,2025-12-09T07:00:00,39,25-34,IN,sports,33,0,video,desktop,7,0.729,0,0.0
imp_674,2025-12-09T22:00:00,305,35-44,UK,tech,44,9,video,mobile,22,1.502,0,0.0
imp_675,2025-12-09T03:00:00,116,25-34,UK,tech,32,6,native,mobile,3,1.963,0,0.0
imp_676,2025-12-09T13:00:00,387,18-24,CN,sports,10,6,banner,mobile,13,0.114,0,0.0
imp_677,2025-12-09T21:00:00,22,18-24,IN,fashion,77,0,banner,mobile,21,1.576,0,0.0
imp_678,2025-12-09T19:00:00,14,25-34,IN,tech,37,8,banner,tablet,19,0.728,0,0.0
imp_679,2025-12-09T05:00:00,390,25-34,IN,sports,135,6,banner,tablet,5,0.424,0,0.0
imp_680,2025-12-09T09:00:00,109,25-34,CN,sports,93,18,native,mobile,9,0.907,0,0.0
imp_681,2025-12-09T03:00:00,263,25-34,US,finance,104,3,video,desktop,3,0.291,0,0.0
imp_682,2025-12-09T03:00:00,285,25-34,IN,fashion,21,10,video,desktop,3,0.276,0,0.0
imp_683,2025-12-09T09:00:00,227,45+,US,finance,141,13,native,desktop,9,1.971,0,0.0
imp_684,2025-12-09T13:00:00,188,25-34,US,sports,3,15,video,tablet,13,0.255,0,0.0
imp_685,2025-12-09T14:00:00,355,18-24,IN,sports,189,5,banner,mobile,14,0.759,0,0.0
imp_686,2025-12-09T06:00:00,206,35-44,IN,tech,59,13,native,tablet,6,1.023,0,0.0
imp_687,2025-12-09T22:00:00,308,35-44,CN,fashion,124,16,video,desktop,22,0.337,0,0.0
imp_688,2025-12-09T14:00:00,118,18-24,US,sports,7,3,video,tablet,14,0.153,0,0.0
imp_689,2025-12-09T02:00:00,347,45+,UK,sports,39,9,banner,tablet,2,1.265,0,0.0
imp_690,2025-12-09T02:00:00,254,45+,CN,fashion,129,8,banner,tablet,2,0.72,0,0.0
imp_691,2025-12-09T17:00:00,60,18-24,CN,sports,115,10,video,desktop,17,0.913,0,0.0
imp_692,2025-12-09T01:00:00,399,18-24,UK,tech,180,5,native,desktop,1,0.89,0,0.0
imp_693,2025-12-09T09:00:00,251,45+,CN,fashion,121,17,banner,mobile,9,1.038,0,0.0
imp_694,2025-12-09T12:00:00,315,35-44,UK,fashion,196,9,native,desktop,12,0.17,0,0.0
imp_695,2025-12-09T18:00:00,379,18-24,IN,tech,195,10,video,desktop,18,0.24,0,0.0
imp_696,2025-12-09T11:00:00,125,35-44,US,fashion,60,9,video,tablet,11,0.216,0,0.0
imp_697,2025-12-09T22:00:00,10,18-24,UK,finance,9,14,banner,tablet,22,1.734,0,0.0
imp_698,2025-12-09T18:00:00,301,45+,IN,finance,81,12,banner,tablet,18,0.811,0,0.0
imp_699,2025-12-09T18:00:00,105,18-24,UK,fashion,127,16,banner,tablet,18,0.712,0,0.0
imp_700,2025-12-09T19:00:00,325,35-44,IN,finance,137,6,video,desktop,19,0.567,0,0.0
imp_701,2025-12-09T09:00:00,47,45+,IN,tech,151,10,native,desktop,9,0.181,0,0.0
imp_702,2025-12-09T16:00:00,39,45+,UK,fashion,129,9,banner,desktop,16,1.344,0,0.0
imp_703,2025-12-09T10:00:00,263,25-34,CN,fashion,171,17,video,mobile,10,1.768,0,0.0
imp_704,2025-12-09T20:00:00,421,25-34,CN,fashion,68,17,banner,tablet,20,1.713,0,0.0
imp_705,2025-12-09T13:00:00,123,18-24,US,tech,191,9,video,desktop,13,0.85,0,0.0
imp_706,2025-12-09T02:00:00,330,25-34,US,fashion,65,19,video,mobile,2,0.841,0,0.0
imp_707,2025-12-09T03:00:00,423,25-34,UK,tech,118,15,banner,tablet,3,1.983,0,0.0
imp_708,2025-12-09T13:00:00,14,18-24,UK,tech,71,17,banner,mobile,13,1.306,0,0.0
imp_709,2025-12-09T01:00:00,42,45+,UK,sports,154,9,banner,mobile,1,1.806,0,0.0
imp_710,2025-12-09T13:00:00,370,35-44,US,sports,60,3,video,tablet,13,1.482,0,0.0
imp_711,2025-12-09T03:00:00,62,35-44,UK,fashion,84,18,banner,tablet,3,0.81,0,0.0
imp_712,2025-12-09T23:00:00,89,25-34,US,fashion,70,14,banner,desktop,23,0.546,0,0.0
imp_713,2025-12-09T18:00:00,485,18-24,IN,fashion,81,17,native,desktop,18,0.976,0,0.0
imp_714,2025-12-09T07:00:00,188,35-44,UK,tech,5,19,video,mobile,7,1.691,0,0.0
imp_715,2025-12-09T21:00:00,158,18-24,UK,tech,175,3,video,tablet,21,1.741,0,0.0
imp_716,2025-12-09T14:00:00,469,45+,UK,sports,77,2,video,mobile,14,0.63,0,0.0
imp_717,2025-12-09T05:00:00,17,45+,UK,finance,20,15,native,desktop,5,1.487,0,0.0
imp_718,2025-12-09T10:00:00,259,45+,IN,sports,90,13,banner,tablet,10,1.472,0,0.0
imp_719,2025-12-09T17:00:00,26,35-44,US,fashion,161,14,native,tablet,17,0.315,0,0.0
imp_720,2025-12-09T12:00:00,56,25-34,US,finance,63,16,video,tablet,12,1.941,0,0.0
imp_721,2025-12-09T20:00:00,447,25-34,US,fashion,66,5,video,tablet,20,1.206,0,0.0
imp_722,2025-12-09T10:00:00,93,35-44,CN,tech,96,18,banner,mobile,10,0.09,0,0.0
imp_723,2025-12-09T00:00:00,359,25-34,US,sports,12,12,video,tablet,0,0.886,0,0.0
imp_724,2025-12-09T08:00:00,290,25-34,IN,sports,3,16,video,desktop,8,1.558,0,0.0
imp_725,2025-12-09T14:00:00,97,45+,UK,sports,73,15,banner,desktop,14,0.304,0,0.0
imp_726,2025-12-09T06:00:00,214,25-34,US,finance,104,4,native,mobile,6,0.616,0,0.0
imp_727,2025-12-09T08:00:00,350,25-34,CN,fashion,21,0,banner,desktop,8,0.31,0,0.0
imp_728,2025-12-09T10:00:00,216,45+,UK,tech,18,3,native,tablet,10,0.165,0,0.0
imp_729,2025-12-09T10:00:00,480,25-34,IN,fashion,1,8,video,tablet,10,1.258,0,0.0
imp_730,2025-12-09T09:00:00,286,45+,IN,finance,148,5,banner,desktop,9,0.381,0,0.0
imp_731,2025-12-09T15:00:00,363,35-44,CN,fashion,36,8,banner,mobile,15,0.661,0,0.0
imp_732,2025-12-09T04:00:00,220,45+,UK,finance,67,19,native,desktop,4,1.058,0,0.0
imp_733,2025-12-09T13:00:00,391,25-34,US,finance,142,14,native,mobile,13,0.418,0,0.0
imp_734,2025-12-09T01:00:00,83,25-34,CN,tech,111,3,banner,desktop,1,0.13,0,0.0
imp_735,2025-12-09T11:00:00,368,45+,US,fashion,31,11,video,mobile,11,0.447,0,0.0
imp_736,2025-12-09T09:00:00,139,25-34,US,tech,149,0,native,tablet,9,1.545,0,0.0
imp_737,2025-12-09T05:00:00,346,45+,IN,sports,84,0,banner,desktop,5,1.379,0,0.0
imp_738,2025-12-09T21:00:00,487,18-24,IN,fashion,82,4,video,mobile,21,0.208,0,0.0
imp_739,2025-12-09T22:00:00,304,45+,IN,fashion,84,1,native,tablet,22,1.264,0,0.0
imp_740,2025-12-09T14:00:00,410,35-44,UK,tech,82,1,banner,tablet,14,0.188,0,0.0
imp_741,2025-12-09T19:00:00,122,45+,CN,sports,22,0,video,mobile,19,0.368,0,0.0
imp_742,2025-12-09T12:00:00,410,35-44,CN,tech,188,9,banner,tablet,12,1.227,0,0.0
imp_743,2025-12-09T11:00:00,228,18-24,CN,finance,121,8,native,tablet,11,1.221,0,0.0
imp_744,2025-12-09T02:00:00,322,45+,CN,finance,23,1,native,tablet,2,0.716,0,0.0
imp_745,2025-12-09T14:00:00,331,25-34,IN,tech,74,14,video,desktop,14,0.204,0,0.0
imp_746,2025-12-09T15:00:00,153,35-44,US,tech,133,13,banner,desktop,15,1.159,0,0.0
imp_747,2025-12-09T17:00:00,217,18-24,CN,sports,24,14,native,tablet,17,1.455,0,0.0
imp_748,2025-12-09T08:00:00,257,35-44,IN,finance,29,14,native,mobile,8,1.583,0,0.0
imp_749,2025-12-09T12:00:00,152,18-24,UK,sports,150,14,video,tablet,12,0.927,0,0.0
imp_750,2025-12-09T08:00:00,382,35-44,UK,tech,172,3,banner,desktop,8,1.092,0,0.0
imp_751,2025-12-09T00:00:00,244,45+,CN,sports,177,12,banner,tablet,0,1.933,0,0.0
imp_752,2025-12-09T19:00:00,315,45+,UK,finance,176,12,native,desktop,19,0.221,0,0.0
imp_753,2025-12-09T04:00:00,356,18-24,US,tech,6,6,banner,desktop,4,1.315,0,0.0
imp_754,2025-12-09T20:00:00,275,25-34,US,fashion,22,9,native,desktop,20,0.339,0,0.0
imp_755,2025-12-09T13:00:00,378,18-24,CN,sports,124,15,banner,mobile,13,1.727,0,0.0
imp_756,2025-12-09T18:00:00,426,25-34,CN,tech,13,10,video,mobile,18,0.25,0,0.0
imp_757,2025-12-09T22:00:00,305,45+,UK,fashion,9,15,video,desktop,22,0.998,0,0.0
imp_758,2025-12-09T18:00:00,9,45+,CN,tech,147,10,native,tablet,18,0.174,0,0.0
imp_759,2025-12-09T20:00:00,480,45+,UK,fashion,114,13,banner,mobile,20,0.365,0,0.0
imp_760,2025-12-09T23:00:00,259,25-34,US,fashion,150,10,video,tablet,23,1.714,0,0.0
imp_761,2025-12-09T22:00:00,199,45+,CN,tech,172,11,video,desktop,22,1.61,0,0.0
imp_762,2025-12-09T05:00:00,341,25-34,CN,finance,33,5,native,mobile,5,0.355,0,0.0
imp_763,2025-12-09T15:00:00,107,18-24,IN,fashion,4,11,video,desktop,15,0.746,0,0.0
imp_764,2025-12-09T05:00:00,58,25-34,US,sports,30,17,banner,mobile,5,0.998,0,0.0
imp_765,2025-12-09T10:00:00,77,35-44,IN,sports,180,1,native,desktop,10,1.608,0,0.0
imp_766,2025-12-09T03:00:00,53,18-24,US,sports,161,3,native,mobile,3,1.826,0,0.0
imp_767,2025-12-09T05:00:00,445,35-44,IN,fashion,39,11,native,desktop,5,1.647,0,0.0
imp_768,2025-12-09T03:00:00,3,25-34,US,fashion,121,10,video,desktop,3,1.035,0,0.0
imp_769,2025-12-09T02:00:00,184,35-44,US,finance,38,16,native,desktop,2,1.585,0,0.0
imp_770,2025-12-09T04:00:00,487,45+,UK,fashion,7,14,video,mobile,4,1.552,0,0.0
imp_771,2025-12-09T22:00:00,395,18-24,US,sports,111,1,video,desktop,22,1.53,0,0.0
imp_772,2025-12-09T21:00:00,409,25-34,UK,sports,107,12,native,tablet,21,1.417,0,0.0
imp_773,2025-12-09T09:00:00,460,35-44,US,finance,179,12,banner,desktop,9,1.306,0,0.0
imp_774,2025-12-09T17:00:00,101,45+,UK,finance,21,1,native,tablet,17,0.702,0,0.0
imp_775,2025-12-09T23:00:00,282,25-34,UK,finance,133,10,banner,tablet,23,0.362,0,0.0
imp_776,2025-12-09T00:00:00,258,35-44,IN,tech,187,1,video,desktop,0,0.557,0,0.0
imp_777,2025-12-09T16:00:00,481,35-44,IN,sports,114,9,banner,tablet,16,1.487,0,0.0
imp_778,2025-12-09T14:00:00,289,35-44,US,tech,89,9,native,desktop,14,1.35,0,0.0
imp_779,2025-12-09T22:00:00,53,25-34,UK,fashion,132,18,native,mobile,22,1.655,0,0.0
imp_780,2025-12-09T11:00:00,424,45+,CN,sports,20,2,banner,mobile,11,0.879,0,0.0
imp_781,2025-12-09T04:00:00,346,45+,CN,tech,150,17,video,tablet,4,1.569,0,0.0
imp_782,2025-12-09T08:00:00,485,45+,CN,fashion,187,13,video,mobile,8,0.331,0,0.0
imp_783,2025-12-09T04:00:00,262,45+,IN,fashion,177,6,banner,desktop,4,0.973,0,0.0
imp_784,2025-12-09T23:00:00,209,25-34,IN,finance,30,11,banner,tablet,23,0.615,0,0.0
imp_785,2025-12-09T16:00:00,191,25-34,UK,sports,75,15,video,mobile,16,1.593,0,0.0
imp_786,2025-12-09T04:00:00,110,45+,US,sports,189,15,video,mobile,4,0.289,0,0.0
imp_787,2025-12-09T11:00:00,158,18-24,CN,sports,86,12,video,desktop,11,1.677,0,0.0
imp_788,2025-12-09T19:00:00,389,25-34,CN,tech,170,14,native,mobile,19,1.739,0,0.0
imp_789,2025-12-09T10:00:00,202,18-24,UK,fashion,138,1,video,tablet,10,1.786,0,0.0
imp_790,2025-12-09T23:00:00,292,35-44,UK,sports,143,3,banner,tablet,23,1.141,0,0.0
imp_791,2025-12-09T06:00:00,9,18-24,IN,tech,168,17,video,mobile,6,1.927,0,0.0
imp_792,2025-12-09T08:00:00,296,25-34,CN,tech,21,17,native,tablet,8,0.675,0,0.0
imp_793,2025-12-09T18:00:00,92,18-24,CN,fashion,6,16,banner,desktop,18,0.795,0,0.0
imp_794,2025-12-09T02:00:00,73,18-24,US,sports,65,2,native,mobile,2,0.648,0,0.0
imp_795,2025-12-09T13:00:00,92,25-34,IN,sports,182,1,native,desktop,13,0.81,0,0.0
imp_796,2025-12-09T10:00:00,482,25-34,IN,fashion,13,6,video,mobile,10,1.517,0,0.0
imp_797,2025-12-09T18:00:00,197,25-34,IN,fashion,68,1,native,desktop,18,0.956,0,0.0
imp_798,2025-12-09T13:00:00,119,18-24,IN,fashion,68,17,banner,tablet,13,1.366,0,0.0
imp_799,2025-12-09T07:00:00,42,25-34,US,finance,36,11,native,tablet,7,1.971,0,0.0
imp_800,2025-12-09T07:00:00,424,45+,UK,fashion,167,5,banner,mobile,7,0.167,1,1.45
imp_801,2025-12-09T15:00:00,179,35-44,US,finance,149,16,native,desktop,15,0.139,0,0.0
imp_802,2025-12-09T23:00:00,62,18-24,US,finance,185,17,banner,desktop,23,1.763,0,0.0
imp_803,2025-12-09T06:00:00,385,35-44,CN,finance,69,7,native,tablet,6,1.967,0,0.0
imp_804,2025-12-09T10:00:00,467,25-34,US,fashion,165,0,native,tablet,10,0.979,0,0.0
imp_805,2025-12-09T00:00:00,360,25-34,CN,fashion,195,12,native,tablet,0,0.208,0,0.0
imp_806,2025-12-09T20:00:00,63,18-24,UK,sports,96,19,native,desktop,20,0.804,0,0.0
imp_807,2025-12-09T22:00:00,98,18-24,CN,sports,2,7,video,tablet,22,0.089,0,0.0
imp_808,2025-12-09T08:00:00,320,35-44,UK,tech,183,7,banner,mobile,8,1.961,0,0.0
imp_809,2025-12-09T11:00:00,361,18-24,US,finance,1,6,video,tablet,11,0.822,0,0.0
imp_810,2025-12-09T08:00:00,378,45+,US,tech,16,18,native,mobile,8,1.505,0,0.0
imp_811,2025-12-09T04:00:00,140,35-44,US,tech,173,0,native,tablet,4,1.372,0,0.0
imp_812,2025-12-09T19:00:00,328,35-44,IN,fashion,82,13,banner,desktop,19,0.584,0,0.0
imp_813,2025-12-09T21:00:00,22,45+,US,fashion,12,8,video,desktop,21,1.088,0,0.0
imp_814,2025-12-09T10:00:00,450,18-24,IN,fashion,188,7,banner,tablet,10,0.876,0,0.0
imp_815,2025-12-09T02:00:00,32,25-34,IN,tech,7,15,banner,desktop,2,1.626,0,0.0
imp_816,2025-12-09T18:00:00,122,35-44,UK,finance,13,10,banner,tablet,18,1.599,0,0.0
imp_817,2025-12-09T02:00:00,63,45+,IN,sports,15,1,native,desktop,2,0.661,0,0.0
imp_818,2025-12-09T22:00:00,226,18-24,IN,tech,77,19,banner,tablet,22,0.892,0,0.0
imp_819,2025-12-09T03:00:00,205,18-24,IN,sports,158,13,video,mobile,3,1.736,0,0.0
imp_820,2025-12-09T21:00:00,219,18-24,IN,fashion,86,0,video,desktop,21,1.059,0,0.0
imp_821,2025-12-09T18:00:00,303,25-34,US,sports,146,4,banner,tablet,18,1.042,1,2.17
imp_822,2025-12-09T11:00:00,95,45+,US,fashion,35,1,native,mobile,11,0.299,0,0.0
imp_823,2025-12-09T18:00:00,277,45+,US,finance,37,15,video,desktop,18,1.226,0,0.0
imp_824,2025-12-09T09:00:00,347,35-44,US,sports,14,7,native,tablet,9,1.647,0,0.0
imp_825,2025-12-09T17:00:00,102,18-24,US,fashion,17,10,video,mobile,17,1.352,0,0.0
imp_826,2025-12-09T22:00:00,171,45+,UK,finance,107,10,native,mobile,22,0.254,0,0.0
imp_827,2025-12-09T01:00:00,354,45+,US,tech,119,19,banner,mobile,1,0.516,0,0.0
imp_828,2025-12-09T23:00:00,422,35-44,IN,fashion,92,0,banner,mobile,23,0.748,0,0.0
imp_829,2025-12-09T17:00:00,323,18-24,UK,tech,11,0,video,mobile,17,0.436,0,0.0
imp_830,2025-12-09T05:00:00,433,25-34,US,finance,45,6,native,mobile,5,0.393,0,0.0
imp_831,2025-12-09T08:00:00,335,18-24,IN,sports,86,6,native,desktop,8,0.94,0,0.0
imp_832,2025-12-09T11:00:00,319,35-44,CN,tech,182,2,native,mobile,11,0.332,0,0.0
imp_833,2025-12-09T04:00:00,191,25-34,UK,tech,153,13,native,tablet,4,0.527,0,0.0
imp_834,2025-12-09T01:00:00,27,25-34,UK,finance,32,16,banner,tablet,1,1.777,0,0.0
imp_835,2025-12-09T06:00:00,85,18-24,CN,fashion,192,16,native,desktop,6,1.022,0,0.0
imp_836,2025-12-09T14:00:00,355,25-34,CN,finance,183,15,native,desktop,14,0.573,0,0.0
imp_837,2025-12-09T12:00:00,231,18-24,US,tech,101,6,banner,desktop,12,0.879,0,0.0
imp_838,2025-12-09T12:00:00,68,25-34,IN,finance,75,14,video,tablet,12,0.736,0,0.0
imp_839,2025-12-09T18:00:00,218,18-24,CN,fashion,119,13,native,desktop,18,0.767,0,0.0
imp_840,2025-12-09T15:00:00,135,35-44,IN,finance,91,2,video,desktop,15,1.693,1,1.38
imp_841,2025-12-09T16:00:00,36,18-24,UK,finance,9,17,banner,mobile,16,0.701,0,0.0
imp_842,2025-12-09T21:00:00,393,35-44,UK,finance,48,19,video,mobile,21,1.997,0,0.0
imp_843,2025-12-09T22:00:00,177,35-44,CN,sports,103,18,video,tablet,22,0.073,0,0.0
imp_844,2025-12-09T20:00:00,383,25-34,US,fashion,121,7,banner,tablet,20,1.195,0,0.0
imp_845,2025-12-09T17:00:00,160,45+,US,fashion,109,13,video,mobile,17,0.905,0,0.0
imp_846,2025-12-09T17:00:00,65,18-24,UK,finance,188,0,banner,desktop,17,1.63,0,0.0
imp_847,2025-12-09T11:00:00,385,35-44,CN,tech,195,17,video,desktop,11,0.686,0,0.0
imp_848,2025-12-09T00:00:00,169,18-24,CN,tech,97,6,banner,desktop,0,0.174,0,0.0
imp_849,2025-12-09T12:00:00,492,25-34,CN,fashion,163,9,banner,mobile,12,0.384,0,0.0
imp_850,2025-12-09T21:00:00,13,25-34,US,sports,50,2,native,desktop,21,0.603,0,0.0
imp_851,2025-12-09T07:00:00,265,35-44,IN,sports,43,10,video,desktop,7,0.813,0,0.0
imp_852,2025-12-09T03:00:00,199,25-34,US,fashion,33,6,video,desktop,3,0.893,0,0.0
imp_853,2025-12-09T22:00:00,158,45+,US,tech,128,14,native,desktop,22,0.443,0,0.0
imp_854,2025-12-09T04:00:00,126,45+,UK,sports,145,15,video,desktop,4,0.952,0,0.0
imp_855,2025-12-09T01:00:00,233,18-24,UK,finance,179,9,native,desktop,1,1.245,0,0.0
imp_856,2025-12-09T05:00:00,375,45+,CN,tech,117,12,banner,tablet,5,0.408,0,0.0
imp_857,2025-12-09T18:00:00,122,18-24,US,fashion,70,17,native,desktop,18,1.35,0,0.0
imp_858,2025-12-09T02:00:00,283,25-34,IN,fashion,94,2,video,mobile,2,1.034,0,0.0
imp_859,2025-12-09T10:00:00,259,45+,IN,fashion,118,0,banner,mobile,10,1.296,0,0.0
imp_860,2025-12-09T21:00:00,438,45+,US,fashion,101,1,video,mobile,21,0.539,0,0.0
imp_861,2025-12-09T22:00:00,248,25-34,CN,finance,17,2,native,tablet,22,1.331,0,0.0
imp_862,2025-12-09T22:00:00,430,45+,US,tech,43,0,video,tablet,22,0.246,0,0.0
imp_863,2025-12-09T09:00:00,390,18-24,IN,fashion,173,8,banner,mobile,9,0.909,0,0.0
imp_864,2025-12-09T05:00:00,226,25-34,IN,sports,162,16,native,tablet,5,1.342,0,0.0
imp_865,2025-12-09T21:00:00,26,18-24,IN,fashion,12,12,native,mobile,21,1.861,0,0.0
imp_866,2025-12-09T11:00:00,7,25-34,UK,tech,49,2,banner,mobile,11,1.92,1,0.18
imp_867,2025-12-09T03:00:00,55,25-34,UK,tech,82,17,banner,tablet,3,0.42,0,0.0
imp_868,2025-12-09T06:00:00,54,45+,UK,fashion,82,5,banner,mobile,6,0.834,0,0.0
imp_869,2025-12-09T10:00:00,33,18-24,UK,fashion,166,19,banner,desktop,10,0.136,0,0.0
imp_870,2025-12-09T06:00:00,52,45+,US,finance,64,3,native,tablet,6,0.682,0,0.0
imp_871,2025-12-09T20:00:00,389,45+,UK,tech,170,15,video,mobile,20,0.703,0,0.0
imp_872,2025-12-09T19:00:00,119,45+,IN,fashion,59,0,native,tablet,19,1.53,0,0.0
imp_873,2025-12-09T03:00:00,124,35-44,IN,tech,15,4,native,desktop,3,1.023,0,0.0
imp_874,2025-12-09T06:00:00,121,25-34,CN,fashion,189,10,banner,mobile,6,0.592,0,0.0
imp_875,2025-12-09T20:00:00,384,18-24,IN,fashion,58,10,native,desktop,20,0.522,0,0.0
imp_876,2025-12-09T17:00:00,113,18-24,CN,tech,133,10,native,mobile,17,0.913,0,0.0
imp_877,2025-12-09T00:00:00,26,18-24,US,fashion,52,4,banner,mobile,0,0.389,0,0.0
imp_878,2025-12-09T17:00:00,371,25-34,CN,tech,79,5,native,tablet,17,0.435,0,0.0
imp_879,2025-12-09T13:00:00,229,25-34,US,tech,69,15,video,mobile,13,1.904,0,0.0
imp_880,2025-12-09T11:00:00,216,45+,CN,fashion,194,4,banner,desktop,11,0.089,0,0.0
imp_881,2025-12-09T12:00:00,78,45+,US,sports,65,12,video,desktop,12,0.646,0,0.0
imp_882,2025-12-09T09:00:00,366,45+,CN,fashion,50,4,banner,mobile,9,0.058,0,0.0
imp_883,2025-12-09T16:00:00,481,35-44,CN,fashion,190,11,video,desktop,16,1.005,0,0.0
imp_884,2025-12-09T20:00:00,63,18-24,CN,fashion,144,5,banner,mobile,20,1.538,0,0.0
imp_885,2025-12-09T08:00:00,356,35-44,IN,fashion,166,12,native,desktop,8,1.485,0,0.0
imp_886,2025-12-09T07:00:00,346,45+,IN,sports,178,4,video,desktop,7,1.231,0,0.0
imp_887,2025-12-09T21:00:00,487,25-34,US,finance,3,3,banner,mobile,21,1.307,0,0.0
imp_888,2025-12-09T12:00:00,448,45+,CN,sports,42,13,native,desktop,12,1.399,0,0.0
imp_889,2025-12-09T16:00:00,448,45+,IN,finance,27,18,native,desktop,16,1.638,0,0.0
imp_890,2025-12-09T08:00:00,86,25-34,CN,fashion,0,3,native,mobile,8,1.559,0,0.0
imp_891,2025-12-09T13:00:00,90,45+,UK,finance,47,4,native,mobile,13,0.999,0,0.0
imp_892,2025-12-09T16:00:00,95,18-24,US,fashion,15,5,native,mobile,16,0.556,0,0.0
imp_893,2025-12-09T13:00:00,150,45+,IN,sports,96,3,native,desktop,13,0.175,0,0.0
imp_894,2025-12-09T00:00:00,51,25-34,IN,fashion,15,8,video,mobile,0,1.347,0,0.0
imp_895,2025-12-09T01:00:00,192,18-24,UK,tech,124,15,native,desktop,1,1.229,0,0.0
imp_896,2025-12-09T10:00:00,481,35-44,UK,finance,170,12,video,desktop,10,1.241,0,0.0
imp_897,2025-12-09T11:00:00,357,35-44,CN,sports,185,4,banner,mobile,11,1.224,0,0.0
imp_898,2025-12-09T16:00:00,351,35-44,CN,tech,131,13,video,tablet,16,0.416,0,0.0
imp_899,2025-12-09T20:00:00,23,35-44,UK,sports,173,14,native,mobile,20,1.233,0,0.0
imp_900,2025-12-09T12:00:00,482,18-24,CN,finance,168,3,video,tablet,12,0.8,0,0.0
imp_901,2025-12-09T19:00:00,401,25-34,IN,tech,32,15,native,mobile,19,0.638,0,0.0
imp_902,2025-12-09T21:00:00,246,45+,US,tech,62,6,video,mobile,21,1.519,0,0.0
imp_903,2025-12-09T21:00:00,14,18-24,US,sports,83,12,video,desktop,21,0.48,0,0.0
imp_904,2025-12-09T08:00:00,273,45+,CN,sports,23,10,native,mobile,8,1.867,0,0.0
imp_905,2025-12-09T19:00:00,380,18-24,CN,finance,167,17,video,desktop,19,1.626,0,0.0
imp_906,2025-12-09T07:00:00,45,35-44,UK,sports,189,18,video,mobile,7,1.502,0,0.0
imp_907,2025-12-09T03:00:00,295,35-44,IN,tech,79,1,video,tablet,3,1.094,0,0.0
imp_908,2025-12-09T12:00:00,478,45+,US,finance,133,19,video,tablet,12,0.483,0,0.0
imp_909,2025-12-09T12:00:00,482,18-24,UK,fashion,56,15,video,tablet,12,0.939,0,0.0
imp_910,2025-12-09T19:00:00,410,35-44,IN,tech,153,10,native,desktop,19,1.03,0,0.0
imp_911,2025-12-09T22:00:00,323,18-24,US,finance,126,9,native,tablet,22,1.935,0,0.0
imp_912,2025-12-09T01:00:00,375,35-44,US,tech,179,1,native,mobile,1,1.721,0,0.0
imp_913,2025-12-09T23:00:00,81,45+,IN,finance,140,12,native,desktop,23,0.874,0,0.0
imp_914,2025-12-09T15:00:00,372,35-44,UK,fashion,72,6,video,tablet,15,1.72,0,0.0
imp_915,2025-12-09T12:00:00,297,18-24,IN,tech,181,9,video,desktop,12,1.327,0,0.0
imp_916,2025-12-09T18:00:00,459,25-34,US,fashion,53,6,native,tablet,18,0.432,0,0.0
imp_917,2025-12-09T20:00:00,52,18-24,US,finance,96,13,native,tablet,20,1.691,0,0.0
imp_918,2025-12-09T01:00:00,26,18-24,IN,finance,131,10,video,tablet,1,0.896,0,0.0
imp_919,2025-12-09T04:00:00,203,45+,CN,tech,77,19,banner,mobile,4,1.323,0,0.0
imp_920,2025-12-09T12:00:00,323,18-24,CN,fashion,94,0,native,mobile,12,0.277,0,0.0
imp_921,2025-12-09T03:00:00,293,45+,CN,tech,70,3,banner,tablet,3,0.403,0,0.0
imp_922,2025-12-09T15:00:00,166,45+,IN,finance,182,17,native,mobile,15,0.84,0,0.0
imp_923,2025-12-09T22:00:00,401,18-24,CN,fashion,16,16,native,tablet,22,1.101,0,0.0
imp_924,2025-12-09T20:00:00,92,18-24,US,tech,1,17,native,desktop,20,1.611,0,0.0
imp_925,2025-12-09T03:00:00,82,18-24,IN,tech,143,8,native,mobile,3,0.215,0,0.0
imp_926,2025-12-09T03:00:00,483,35-44,IN,finance,63,9,native,mobile,3,1.895,0,0.0
imp_927,2025-12-09T16:00:00,355,35-44,UK,fashion,133,11,banner,tablet,16,1.1,0,0.0
imp_928,2025-12-09T06:00:00,72,18-24,UK,sports,55,4,banner,tablet,6,1.127,0,0.0
imp_929,2025-12-09T18:00:00,216,35-44,IN,finance,140,8,banner,desktop,18,0.794,0,0.0
imp_930,2025-12-09T05:00:00,346,45+,CN,fashion,177,4,banner,tablet,5,0.447,0,0.0
imp_931,2025-12-09T20:00:00,336,35-44,US,tech,107,4,native,desktop,20,1.985,0,0.0
imp_932,2025-12-09T13:00:00,138,45+,IN,sports,136,3,native,tablet,13,1.119,0,0.0
imp_933,2025-12-09T02:00:00,398,35-44,UK,sports,37,7,video,desktop,2,0.069,0,0.0
imp_934,2025-12-09T12:00:00,63,25-34,US,fashion,134,9,banner,tablet,12,1.652,0,0.0
imp_935,2025-12-09T15:00:00,144,18-24,UK,finance,155,3,native,mobile,15,0.383,0,0.0
imp_936,2025-12-09T12:00:00,403,25-34,CN,finance,122,18,native,mobile,12,0.555,0,0.0
imp_937,2025-12-09T21:00:00,376,25-34,UK,tech,13,11,banner,tablet,21,1.566,0,0.0
imp_938,2025-12-09T21:00:00,181,45+,CN,fashion,128,9,banner,desktop,21,1.908,0,0.0
imp_939,2025-12-09T16:00:00,485,25-34,UK,finance,104,10,native,mobile,16,1.288,0,0.0
imp_940,2025-12-09T02:00:00,43,25-34,UK,sports,141,15,banner,mobile,2,1.926,0,0.0
imp_941,2025-12-09T13:00:00,346,25-34,IN,fashion,103,0,video,tablet,13,0.421,0,0.0
imp_942,2025-12-09T23:00:00,176,18-24,US,fashion,189,16,native,tablet,23,1.238,0,0.0
imp_943,2025-12-09T19:00:00,391,45+,US,tech,44,2,native,desktop,19,1.687,0,0.0
imp_944,2025-12-09T16:00:00,87,35-44,UK,sports,28,10,video,tablet,16,0.537,0,0.0
imp_945,2025-12-09T17:00:00,135,18-24,US,finance,0,18,video,desktop,17,0.474,0,0.0
imp_946,2025-12-09T09:00:00,29,18-24,UK,fashion,1,19,native,desktop,9,0.691,0,0.0
imp_947,2025-12-09T11:00:00,95,18-24,CN,sports,90,0,video,mobile,11,0.89,0,0.0
imp_948,2025-12-09T06:00:00,249,18-24,IN,tech,39,8,video,mobile,6,0.968,0,0.0
imp_949,2025-12-09T11:00:00,274,35-44,UK,finance,27,14,video,tablet,11,1.687,0,0.0
imp_950,2025-12-09T05:00:00,183,25-34,US,finance,28,6,native,desktop,5,0.128,0,0.0
imp_951,2025-12-09T12:00:00,101,45+,CN,finance,170,8,banner,mobile,12,0.871,0,0.0
imp_952,2025-12-09T17:00:00,399,45+,CN,tech,128,12,video,mobile,17,0.264,0,0.0
imp_953,2025-12-09T03:00:00,6,18-24,US,tech,13,10,banner,desktop,3,1.954,0,0.0
imp_954,2025-12-09T23:00:00,248,18-24,IN,fashion,194,13,video,mobile,23,1.254,0,0.0
imp_955,2025-12-09T23:00:00,442,25-34,UK,tech,179,7,video,tablet,23,1.65,0,0.0
imp_956,2025-12-09T06:00:00,312,45+,US,sports,48,18,native,tablet,6,1.287,0,0.0
imp_957,2025-12-09T07:00:00,475,18-24,US,tech,109,0,video,tablet,7,0.439,1,2.97
imp_958,2025-12-09T01:00:00,324,45+,US,fashion,56,10,native,desktop,1,0.984,0,0.0
imp_959,2025-12-09T16:00:00,186,45+,UK,sports,89,13,video,mobile,16,0.674,0,0.0
imp_960,2025-12-09T01:00:00,381,25-34,UK,sports,54,9,banner,desktop,1,0.596,0,0.0
imp_961,2025-12-09T19:00:00,251,18-24,UK,fashion,85,9,banner,mobile,19,0.239,0,0.0
imp_962,2025-12-09T00:00:00,185,25-34,UK,finance,60,8,video,mobile,0,1.189,0,0.0
imp_963,2025-12-09T02:00:00,61,18-24,IN,tech,150,6,native,mobile,2,1.424,0,0.0
imp_964,2025-12-09T03:00:00,389,18-24,US,finance,136,4,video,mobile,3,0.299,0,0.0
imp_965,2025-12-09T13:00:00,367,35-44,IN,finance,111,2,video,desktop,13,0.867,0,0.0
imp_966,2025-12-09T16:00:00,495,18-24,US,tech,74,1,native,tablet,16,0.169,0,0.0
imp_967,2025-12-09T22:00:00,445,25-34,IN,fashion,42,14,video,tablet,22,0.799,0,0.0
imp_968,2025-12-09T12:00:00,81,45+,US,finance,151,0,banner,tablet,12,0.938,0,0.0
imp_969,2025-12-09T22:00:00,137,35-44,IN,finance,43,7,banner,mobile,22,1.09,0,0.0
imp_970,2025-12-09T09:00:00,138,18-24,IN,tech,164,7,video,mobile,9,1.092,0,0.0
imp_971,2025-12-09T00:00:00,361,35-44,UK,finance,184,4,video,desktop,0,1.802,0,0.0
imp_972,2025-12-09T09:00:00,421,35-44,UK,sports,56,8,native,mobile,9,0.549,0,0.0
imp_973,2025-12-09T00:00:00,320,18-24,US,fashion,113,7,native,desktop,0,0.574,0,0.0
imp_974,2025-12-09T18:00:00,371,45+,CN,tech,94,4,video,desktop,18,0.233,0,0.0
imp_975,2025-12-09T05:00:00,251,45+,US,tech,165,9,banner,mobile,5,0.655,0,0.0
imp_976,2025-12-09T05:00:00,218,45+,US,tech,116,12,banner,mobile,5,1.462,0,0.0
imp_977,2025-12-09T04:00:00,56,18-24,IN,sports,195,1,video,mobile,4,0.534,0,0.0
imp_978,2025-12-09T02:00:00,405,35-44,IN,tech,27,17,native,tablet,2,1.646,0,0.0
imp_979,2025-12-09T22:00:00,288,18-24,CN,tech,41,9,banner,desktop,22,0.984,0,0.0
imp_980,2025-12-09T07:00:00,10,18-24,IN,finance,26,17,native,desktop,7,0.25,0,0.0
imp_981,2025-12-09T13:00:00,218,25-34,CN,sports,37,11,banner,tablet,13,0.609,0,0.0
imp_982,2025-12-09T21:00:00,56,45+,US,sports,26,9,video,desktop,21,0.199,0,0.0
imp_983,2025-12-09T10:00:00,309,18-24,US,finance,45,13,banner,tablet,10,0.703,0,0.0
imp_984,2025-12-09T05:00:00,319,45+,UK,tech,89,3,native,desktop,5,1.837,0,0.0
imp_985,2025-12-09T21:00:00,403,35-44,IN,finance,38,4,native,desktop,21,0.338,0,0.0
imp_986,2025-12-09T14:00:00,491,45+,UK,sports,37,2,banner,desktop,14,1.99,0,0.0
imp_987,2025-12-09T05:00:00,246,45+,CN,finance,154,10,video,mobile,5,1.614,0,0.0
imp_988,2025-12-09T20:00:00,275,25-34,CN,fashion,136,17,video,mobile,20,0.8,0,0.0
imp_989,2025-12-09T18:00:00,185,45+,IN,tech,52,0,native,desktop,18,1.139,0,0.0
imp_990,2025-12-09T04:00:00,434,18-24,US,sports,75,14,video,mobile,4,1.679,0,0.0
imp_991,2025-12-09T17:00:00,28,45+,US,tech,30,4,banner,desktop,17,1.48,0,0.0
imp_992,2025-12-09T22:00:00,339,45+,IN,finance,122,19,banner,mobile,22,0.109,0,0.0
imp_993,2025-12-09T11:00:00,291,25-34,CN,sports,38,5,banner,desktop,11,1.5,0,0.0
imp_994,2025-12-09T23:00:00,227,35-44,IN,fashion,73,3,video,mobile,23,0.167,0,0.0
imp_995,2025-12-09T20:00:00,202,18-24,CN,tech,174,14,native,tablet,20,1.437,0,0.0
imp_996,2025-12-09T08:00:00,139,35-44,IN,tech,133,12,video,mobile,8,1.499,0,0.0
imp_997,2025-12-09T12:00:00,381,18-24,IN,tech,177,14,video,desktop,12,0.661,0,0.0
imp_998,2025-12-09T20:00:00,190,45+,CN,fashion,49,8,banner,mobile,20,0.254,0,0.0
imp_999,2025-12-09T11:00:00,277,35-44,IN,sports,16,6,banner,tablet,11,0.071,0,0.0
